Area Name;Date;Max Temp in (Fahrenheit) ;Min Temp  (Fahrenheit) ;Precipitation (inches)
San Francisco ;20060101;58;48;1299
San Francisco ;20060102;53;49;7717
San Francisco ;20060103;54;47;2008
San Francisco ;20060104;62;50;197
San Francisco ;20060105;60;49;0
San Francisco ;20060106;60;50;118
San Francisco ;20060107;57;51;1496
San Francisco ;20060108;56;45;0
San Francisco ;20060109;57;45;0
San Francisco ;20060110;55;46;0
San Francisco ;20060111;59;49;1496
San Francisco ;20060112;59;47;0
San Francisco ;20060113;63;47;512
San Francisco ;20060114;53;48;4291
San Francisco ;20060115;56;45;0
San Francisco ;20060116;57;46;0
San Francisco ;20060117;59;47;3504
San Francisco ;20060118;56;48;1417
San Francisco ;20060119;57;45;118
San Francisco ;20060120;57;43;0
San Francisco ;20060121;56;46;2402
San Francisco ;20060122;63;46;0
San Francisco ;20060123;68;47;0
San Francisco ;20060124;67;48;0
San Francisco ;20060125;58;48;394
San Francisco ;20060126;56;47;0
San Francisco ;20060127;56;46;906
San Francisco ;20060128;57;48;5118
San Francisco ;20060129;58;48;0
San Francisco ;20060130;56;50;2283
San Francisco ;20060131;56;44;0
San Francisco ;20060201;57;50;5709
San Francisco ;20060202;61;53;1811
San Francisco ;20060203;64;51;0
San Francisco ;20060204;61;50;1496
San Francisco ;20060205;65;49;0
San Francisco ;20060206;65;50;0
San Francisco ;20060207;73;50;0
San Francisco ;20060208;74;50;0
San Francisco ;20060209;73;53;0
San Francisco ;20060210;71;50;0
San Francisco ;20060211;66;49;0
San Francisco ;20060212;73;50;0
San Francisco ;20060213;73;51;0
San Francisco ;20060214;68;46;0
San Francisco ;20060215;55;43;0
San Francisco ;20060216;53;38;0
San Francisco ;20060217;48;41;787
San Francisco ;20060218;48;39;906
San Francisco ;20060219;53;41;118
San Francisco ;20060220;55;40;0
San Francisco ;20060221;60;41;0
San Francisco ;20060222;64;43;0
San Francisco ;20060223;68;46;0
San Francisco ;20060224;69;47;0
San Francisco ;20060225;55;45;0
San Francisco ;20060226;57;48;3898
San Francisco ;20060227;61;51;12205
San Francisco ;20060228;58;50;1181
San Francisco ;20060301;60;45;2283
San Francisco ;20060302;56;45;2520
San Francisco ;20060303;54;43;7520
San Francisco ;20060304;57;43;197
San Francisco ;20060305;57;51;10906
San Francisco ;20060306;59;46;7008
San Francisco ;20060307;56;47;984
San Francisco ;20060308;56;44;0
San Francisco ;20060309;53;43;1299
San Francisco ;20060310;49;40;591
San Francisco ;20060311;50;39;984
San Francisco ;20060312;48;42;2205
San Francisco ;20060313;57;40;512
San Francisco ;20060314;56;45;9016
San Francisco ;20060315;56;45;118
San Francisco ;20060316;58;49;7283
San Francisco ;20060317;56;47;906
San Francisco ;20060318;58;44;0
San Francisco ;20060319;59;46;0
San Francisco ;20060320;52;44;5394
San Francisco ;20060321;55;43;512
San Francisco ;20060322;59;47;0
San Francisco ;20060323;62;47;0
San Francisco ;20060324;61;53;6614
San Francisco ;20060325;59;48;7795
San Francisco ;20060326;61;46;0
San Francisco ;20060327;62;47;2205
San Francisco ;20060328;52;48;2402
San Francisco ;20060329;54;46;4213
San Francisco ;20060330;56;49;512
San Francisco ;20060331;57;48;3504
San Francisco ;20060401;58;48;2087
San Francisco ;20060402;57;50;7520
San Francisco ;20060403;57;48;1811
San Francisco ;20060404;57;47;7087
San Francisco ;20060405;57;45;1181
San Francisco ;20060406;58;46;0
San Francisco ;20060407;59;48;5906
San Francisco ;20060408;61;48;1299
San Francisco ;20060409;59;51;197
San Francisco ;20060410;59;51;118
San Francisco ;20060411;57;50;8898
San Francisco ;20060412;57;53;5000
San Francisco ;20060413;72;53;197
San Francisco ;20060414;60;52;0
San Francisco ;20060415;57;52;1181
San Francisco ;20060416;58;48;6614
San Francisco ;20060417;58;43;1102
San Francisco ;20060418;66;46;0
San Francisco ;20060419;66;48;0
San Francisco ;20060420;65;48;0
San Francisco ;20060421;63;49;0
San Francisco ;20060422;62;51;0
San Francisco ;20060423;60;52;0
San Francisco ;20060424;56;50;0
San Francisco ;20060425;57;50;0
San Francisco ;20060426;60;51;0
San Francisco ;20060427;67;51;0
San Francisco ;20060428;62;51;0
San Francisco ;20060429;57;50;0
San Francisco ;20060430;69;51;0
San Francisco ;20060501;68;49;0
San Francisco ;20060502;66;48;0
San Francisco ;20060503;57;50;0
San Francisco ;20060504;61;50;0
San Francisco ;20060505;56;50;0
San Francisco ;20060506;57;50;0
San Francisco ;20060507;63;50;0
San Francisco ;20060508;64;52;0
San Francisco ;20060509;65;49;0
San Francisco ;20060510;75;50;0
San Francisco ;20060511;65;50;0
San Francisco ;20060512;65;50;0
San Francisco ;20060513;60;49;0
San Francisco ;20060514;86;50;0
San Francisco ;20060515;69;54;0
San Francisco ;20060516;62;51;0
San Francisco ;20060517;58;49;0
San Francisco ;20060518;59;49;0
San Francisco ;20060519;57;50;1417
San Francisco ;20060520;67;52;0
San Francisco ;20060521;67;54;2598
San Francisco ;20060522;67;52;0
San Francisco ;20060523;69;58;0
San Francisco ;20060524;67;54;118
San Francisco ;20060525;62;53;0
San Francisco ;20060526;61;51;0
San Francisco ;20060527;61;50;0
San Francisco ;20060528;64;50;0
San Francisco ;20060529;62;49;0
San Francisco ;20060530;62;50;0
San Francisco ;20060531;60;51;0
San Francisco ;20060601;68;52;0
San Francisco ;20060602;76;55;0
San Francisco ;20060603;72;54;0
San Francisco ;20060604;66;54;0
San Francisco ;20060605;61;53;0
San Francisco ;20060606;65;53;0
San Francisco ;20060607;63;52;0
San Francisco ;20060608;61;52;0
San Francisco ;20060609;61;50;0
San Francisco ;20060610;58;51;0
San Francisco ;20060611;61;53;0
San Francisco ;20060612;65;55;0
San Francisco ;20060613;64;55;0
San Francisco ;20060614;64;53;0
San Francisco ;20060615;68;53;0
San Francisco ;20060616;80;60;0
San Francisco ;20060617;74;55;0
San Francisco ;20060618;63;52;0
San Francisco ;20060619;64;50;0
San Francisco ;20060620;70;52;0
San Francisco ;20060621;84;54;0
San Francisco ;20060622;83;53;0
San Francisco ;20060623;60;51;0
San Francisco ;20060624;64;53;0
San Francisco ;20060625;66;55;0
San Francisco ;20060626;68;54;0
San Francisco ;20060627;63;55;0
San Francisco ;20060628;64;57;0
San Francisco ;20060629;66;56;0
San Francisco ;20060630;64;54;0
San Francisco ;20060701;61;52;0
San Francisco ;20060702;61;51;0
San Francisco ;20060703;60;51;0
San Francisco ;20060704;61;52;0
San Francisco ;20060705;62;52;0
San Francisco ;20060706;63;51;0
San Francisco ;20060707;73;50;0
San Francisco ;20060708;73;53;0
San Francisco ;20060709;67;53;0
San Francisco ;20060710;61;52;0
San Francisco ;20060711;62;51;0
San Francisco ;20060712;66;54;0
San Francisco ;20060713;71;53;0
San Francisco ;20060714;64;53;0
San Francisco ;20060715;64;53;0
San Francisco ;20060716;70;52;0
San Francisco ;20060717;80;53;0
San Francisco ;20060718;77;56;0
San Francisco ;20060719;78;60;0
San Francisco ;20060720;73;57;0
San Francisco ;20060721;75;59;0
San Francisco ;20060722;87;62;0
San Francisco ;20060723;83;61;0
San Francisco ;20060724;77;58;0
San Francisco ;20060725;75;58;0
San Francisco ;20060726;65;56;0
San Francisco ;20060727;64;55;0
San Francisco ;20060728;64;55;0
San Francisco ;20060729;64;57;0
San Francisco ;20060730;68;57;0
San Francisco ;20060731;64;57;0
San Francisco ;20060801;67;53;0
San Francisco ;20060802;65;55;0
San Francisco ;20060803;68;53;0
San Francisco ;20060804;67;53;0
San Francisco ;20060805;69;57;0
San Francisco ;20060806;67;57;0
San Francisco ;20060807;67;57;0
San Francisco ;20060808;66;57;0
San Francisco ;20060809;65;59;0
San Francisco ;20060810;67;56;0
San Francisco ;20060811;63;56;0
San Francisco ;20060812;67;55;0
San Francisco ;20060813;64;55;0
San Francisco ;20060814;66;57;0
San Francisco ;20060815;61;53;0
San Francisco ;20060816;63;54;0
San Francisco ;20060817;66;53;0
San Francisco ;20060818;64;53;0
San Francisco ;20060819;59;52;0
San Francisco ;20060820;61;53;0
San Francisco ;20060821;62;53;0
San Francisco ;20060822;64;54;0
San Francisco ;20060823;65;53;0
San Francisco ;20060824;61;54;0
San Francisco ;20060825;65;54;0
San Francisco ;20060826;62;55;0
San Francisco ;20060827;62;53;0
San Francisco ;20060828;61;52;0
San Francisco ;20060829;60;53;0
San Francisco ;20060830;71;54;0
San Francisco ;20060831;67;55;0
San Francisco ;20060901;64;54;0
San Francisco ;20060902;61;53;0
San Francisco ;20060903;60;52;0
San Francisco ;20060904;61;53;0
San Francisco ;20060905;64;52;0
San Francisco ;20060906;61;51;0
San Francisco ;20060907;63;52;0
San Francisco ;20060908;59;53;0
San Francisco ;20060909;60;53;0
San Francisco ;20060910;63;52;0
San Francisco ;20060911;78;51;0
San Francisco ;20060912;80;53;0
San Francisco ;20060913;62;53;0
San Francisco ;20060914;60;54;0
San Francisco ;20060915;62;53;0
San Francisco ;20060916;70;51;0
San Francisco ;20060917;81;55;0
San Francisco ;20060918;73;55;0
San Francisco ;20060919;66;54;0
San Francisco ;20060920;76;53;0
San Francisco ;20060921;70;55;0
San Francisco ;20060922;78;49;0
San Francisco ;20060923;68;52;0
San Francisco ;20060924;70;52;0
San Francisco ;20060925;86;50;0
San Francisco ;20060926;62;53;0
San Francisco ;20060927;62;54;0
San Francisco ;20060928;57;51;0
San Francisco ;20060929;57;51;0
San Francisco ;20060930;62;54;0
San Francisco ;20061001;62;55;0
San Francisco ;20061002;64;54;0
San Francisco ;20061003;64;53;0
San Francisco ;20061004;63;54;2402
San Francisco ;20061005;62;53;3701
San Francisco ;20061006;58;52;0
San Francisco ;20061007;67;53;0
San Francisco ;20061008;78;51;0
San Francisco ;20061009;74;53;0
San Francisco ;20061010;67;54;0
San Francisco ;20061011;68;54;0
San Francisco ;20061012;61;51;0
San Francisco ;20061013;61;54;0
San Francisco ;20061014;60;54;0
San Francisco ;20061015;58;53;0
San Francisco ;20061016;63;54;197
San Francisco ;20061017;68;52;0
San Francisco ;20061018;76;54;0
San Francisco ;20061019;77;54;0
San Francisco ;20061020;80;57;0
San Francisco ;20061021;82;58;0
San Francisco ;20061022;75;53;0
San Francisco ;20061023;77;50;0
San Francisco ;20061024;61;53;0
San Francisco ;20061025;75;50;0
San Francisco ;20061026;75;57;0
San Francisco ;20061027;79;55;0
San Francisco ;20061028;79;55;0
San Francisco ;20061029;59;51;0
San Francisco ;20061030;57;51;0
San Francisco ;20061031;60;51;0
San Francisco ;20061101;65;50;512
San Francisco ;20061102;64;54;6417
San Francisco ;20061103;64;57;118
San Francisco ;20061104;66;55;0
San Francisco ;20061105;70;55;0
San Francisco ;20061106;73;57;0
San Francisco ;20061107;65;56;0
San Francisco ;20061108;61;55;709
San Francisco ;20061109;63;49;0
San Francisco ;20061110;63;47;0
San Francisco ;20061111;58;53;4606
San Francisco ;20061112;60;50;118
San Francisco ;20061113;61;48;12717
San Francisco ;20061114;61;52;0
San Francisco ;20061115;67;50;0
San Francisco ;20061116;63;53;0
San Francisco ;20061117;63;53;197
San Francisco ;20061118;68;52;0
San Francisco ;20061119;61;54;0
San Francisco ;20061120;63;55;0
San Francisco ;20061121;63;54;0
San Francisco ;20061122;60;52;787
San Francisco ;20061123;60;46;0
San Francisco ;20061124;59;44;0
San Francisco ;20061125;59;46;0
San Francisco ;20061126;54;46;3307
San Francisco ;20061127;53;47;1102
San Francisco ;20061128;52;45;0
San Francisco ;20061129;56;44;0
San Francisco ;20061130;57;44;0
San Francisco ;20061201;61;44;0
San Francisco ;20061202;65;45;0
San Francisco ;20061203;63;47;0
San Francisco ;20061204;66;47;0
San Francisco ;20061205;65;46;0
San Francisco ;20061206;65;48;0
San Francisco ;20061207;64;47;0
San Francisco ;20061208;66;50;3386
San Francisco ;20061209;62;52;5787
San Francisco ;20061210;59;48;3701
San Francisco ;20061211;57;46;315
San Francisco ;20061212;58;51;23189
San Francisco ;20061213;59;54;2402
San Francisco ;20061214;60;56;591
San Francisco ;20061215;57;47;2008
San Francisco ;20061216;51;42;0
San Francisco ;20061217;53;42;0
San Francisco ;20061218;57;40;0
San Francisco ;20061219;54;40;0
San Francisco ;20061220;54;41;0
San Francisco ;20061221;51;46;6693
San Francisco ;20061222;56;44;118
San Francisco ;20061223;56;44;0
San Francisco ;20061224;55;46;0
San Francisco ;20061225;58;46;0
San Francisco ;20061226;63;51;3898
San Francisco ;20061227;58;48;984
San Francisco ;20061228;59;47;0
San Francisco ;20061229;58;42;0
San Francisco ;20061230;53;38;0
San Francisco ;20061231;52;46;0
San Francisco ;20070101;62;44;0
San Francisco ;20070102;62;48;0
San Francisco ;20070103;60;49;984
San Francisco ;20070104;56;44;1693
San Francisco ;20070105;57;43;0
San Francisco ;20070106;59;42;0
San Francisco ;20070107;61;46;0
San Francisco ;20070108;64;46;0
San Francisco ;20070109;65;48;0
San Francisco ;20070110;53;43;0
San Francisco ;20070111;53;40;0
San Francisco ;20070112;47;40;0
San Francisco ;20070113;51;39;0
San Francisco ;20070114;50;37;0
San Francisco ;20070115;50;37;0
San Francisco ;20070116;49;37;1614
San Francisco ;20070117;51;39;0
San Francisco ;20070118;57;39;0
San Francisco ;20070119;58;43;0
San Francisco ;20070120;57;42;0
San Francisco ;20070121;64;47;0
San Francisco ;20070122;60;45;0
San Francisco ;20070123;58;41;0
San Francisco ;20070124;59;42;0
San Francisco ;20070125;52;44;0
San Francisco ;20070126;51;44;787
San Francisco ;20070127;55;47;984
San Francisco ;20070128;58;47;1102
San Francisco ;20070129;64;47;0
San Francisco ;20070130;55;46;0
San Francisco ;20070131;56;48;0
San Francisco ;20070201;51;45;0
San Francisco ;20070202;54;47;0
San Francisco ;20070203;61;42;0
San Francisco ;20070204;65;46;0
San Francisco ;20070205;66;49;0
San Francisco ;20070206;61;47;0
San Francisco ;20070207;59;52;2087
San Francisco ;20070208;57;49;3504
San Francisco ;20070209;59;54;5591
San Francisco ;20070210;59;55;12717
San Francisco ;20070211;59;50;394
San Francisco ;20070212;58;48;2402
San Francisco ;20070213;58;49;0
San Francisco ;20070214;60;45;0
San Francisco ;20070215;61;50;0
San Francisco ;20070216;70;48;0
San Francisco ;20070217;75;50;0
San Francisco ;20070218;58;47;0
San Francisco ;20070219;60;46;0
San Francisco ;20070220;59;48;0
San Francisco ;20070221;58;50;197
San Francisco ;20070222;54;44;8504
San Francisco ;20070223;53;42;512
San Francisco ;20070224;57;46;1417
San Francisco ;20070225;55;49;591
San Francisco ;20070226;53;45;5315
San Francisco ;20070227;52;40;4685
San Francisco ;20070228;52;42;0
San Francisco ;20070301;56;43;0
San Francisco ;20070302;61;43;0
San Francisco ;20070303;67;47;0
San Francisco ;20070304;72;51;0
San Francisco ;20070305;66;52;0
San Francisco ;20070306;65;47;0
San Francisco ;20070307;60;49;0
San Francisco ;20070308;61;46;0
San Francisco ;20070309;59;48;0
San Francisco ;20070310;67;49;0
San Francisco ;20070311;80;51;0
San Francisco ;20070312;79;56;0
San Francisco ;20070313;82;51;0
San Francisco ;20070314;81;49;0
San Francisco ;20070315;76;49;0
San Francisco ;20070316;78;51;0
San Francisco ;20070317;57;50;0
San Francisco ;20070318;63;49;0
San Francisco ;20070319;58;49;0
San Francisco ;20070320;57;49;2008
San Francisco ;20070321;62;47;0
San Francisco ;20070322;73;49;0
San Francisco ;20070323;65;47;0
San Francisco ;20070324;56;49;118
San Francisco ;20070325;58;49;315
San Francisco ;20070326;60;49;2795
San Francisco ;20070327;55;45;0
San Francisco ;20070328;53;45;0
San Francisco ;20070329;70;47;0
San Francisco ;20070330;62;47;0
San Francisco ;20070331;70;47;0
San Francisco ;20070401;57;48;0
San Francisco ;20070402;68;47;0
San Francisco ;20070403;66;46;0
San Francisco ;20070404;66;50;0
San Francisco ;20070405;64;49;0
San Francisco ;20070406;57;48;0
San Francisco ;20070407;59;50;0
San Francisco ;20070408;61;50;0
San Francisco ;20070409;60;51;315
San Francisco ;20070410;67;49;0
San Francisco ;20070411;59;52;1496
San Francisco ;20070412;58;46;0
San Francisco ;20070413;63;46;0
San Francisco ;20070414;57;50;2795
San Francisco ;20070415;65;46;0
San Francisco ;20070416;55;51;0
San Francisco ;20070417;57;48;0
San Francisco ;20070418;55;45;0
San Francisco ;20070419;57;46;3110
San Francisco ;20070420;59;46;984
San Francisco ;20070421;58;49;1417
San Francisco ;20070422;60;50;4291
San Francisco ;20070423;67;46;0
San Francisco ;20070424;64;48;0
San Francisco ;20070425;59;50;0
San Francisco ;20070426;66;48;0
San Francisco ;20070427;78;51;0
San Francisco ;20070428;76;52;0
San Francisco ;20070429;62;50;0
San Francisco ;20070430;66;50;0
San Francisco ;20070501;60;49;0
San Francisco ;20070502;63;51;2205
San Francisco ;20070503;58;49;709
San Francisco ;20070504;59;49;1417
San Francisco ;20070505;71;48;0
San Francisco ;20070506;86;55;0
San Francisco ;20070507;88;66;0
San Francisco ;20070508;79;53;0
San Francisco ;20070509;63;50;0
San Francisco ;20070510;57;51;0
San Francisco ;20070511;57;49;0
San Francisco ;20070512;58;49;0
San Francisco ;20070513;63;48;0
San Francisco ;20070514;58;48;0
San Francisco ;20070515;57;49;0
San Francisco ;20070516;62;48;0
San Francisco ;20070517;58;48;0
San Francisco ;20070518;60;50;0
San Francisco ;20070519;62;51;0
San Francisco ;20070520;63;50;0
San Francisco ;20070521;67;49;0
San Francisco ;20070522;69;50;0
San Francisco ;20070523;82;55;0
San Francisco ;20070524;64;51;0
San Francisco ;20070525;58;49;0
San Francisco ;20070526;61;51;0
San Francisco ;20070527;56;50;0
San Francisco ;20070528;64;50;0
San Francisco ;20070529;61;50;0
San Francisco ;20070530;60;52;0
San Francisco ;20070531;58;52;0
San Francisco ;20070601;59;50;0
San Francisco ;20070602;57;50;0
San Francisco ;20070603;61;50;0
San Francisco ;20070604;61;50;0
San Francisco ;20070605;62;53;0
San Francisco ;20070606;63;51;0
San Francisco ;20070607;69;50;0
San Francisco ;20070608;64;51;0
San Francisco ;20070609;66;50;0
San Francisco ;20070610;64;51;0
San Francisco ;20070611;66;51;0
San Francisco ;20070612;71;50;0
San Francisco ;20070613;82;55;0
San Francisco ;20070614;85;57;0
San Francisco ;20070615;77;54;0
San Francisco ;20070616;61;52;0
San Francisco ;20070617;71;51;0
San Francisco ;20070618;64;51;0
San Francisco ;20070619;66;53;0
San Francisco ;20070620;64;53;0
San Francisco ;20070621;67;53;0
San Francisco ;20070622;68;52;0
San Francisco ;20070623;65;52;0
San Francisco ;20070624;65;51;0
San Francisco ;20070625;75;50;0
San Francisco ;20070626;62;51;0
San Francisco ;20070627;62;52;0
San Francisco ;20070628;68;53;0
San Francisco ;20070629;66;54;0
San Francisco ;20070630;62;53;0
San Francisco ;20070701;65;52;0
San Francisco ;20070702;70;54;0
San Francisco ;20070703;66;54;0
San Francisco ;20070704;76;54;0
San Francisco ;20070705;73;55;0
San Francisco ;20070706;63;53;0
San Francisco ;20070707;60;52;0
San Francisco ;20070708;65;52;0
San Francisco ;20070709;68;54;0
San Francisco ;20070710;67;55;0
San Francisco ;20070711;70;59;0
San Francisco ;20070712;72;56;0
San Francisco ;20070713;71;57;0
San Francisco ;20070714;64;54;0
San Francisco ;20070715;67;57;0
San Francisco ;20070716;65;55;0
San Francisco ;20070717;68;55;0
San Francisco ;20070718;69;59;197
San Francisco ;20070719;69;57;0
San Francisco ;20070720;69;57;0
San Francisco ;20070721;72;59;0
San Francisco ;20070722;70;59;0
San Francisco ;20070723;71;57;0
San Francisco ;20070724;64;55;0
San Francisco ;20070725;63;55;0
San Francisco ;20070726;65;54;0
San Francisco ;20070727;67;54;0
San Francisco ;20070728;66;55;0
San Francisco ;20070729;65;54;0
San Francisco ;20070730;73;54;0
San Francisco ;20070731;65;54;0
San Francisco ;20070801;66;54;0
San Francisco ;20070802;66;55;0
San Francisco ;20070803;67;53;0
San Francisco ;20070804;65;53;0
San Francisco ;20070805;61;54;0
San Francisco ;20070806;65;56;0
San Francisco ;20070807;65;55;0
San Francisco ;20070808;63;55;0
San Francisco ;20070809;68;56;0
San Francisco ;20070810;72;55;0
San Francisco ;20070811;65;55;0
San Francisco ;20070812;65;53;0
San Francisco ;20070813;67;54;0
San Francisco ;20070814;64;54;0
San Francisco ;20070815;65;53;0
San Francisco ;20070816;65;56;0
San Francisco ;20070817;71;53;0
San Francisco ;20070818;68;55;0
San Francisco ;20070819;70;57;0
San Francisco ;20070820;69;58;0
San Francisco ;20070821;74;58;0
San Francisco ;20070822;76;57;0
San Francisco ;20070823;70;57;0
San Francisco ;20070824;68;58;0
San Francisco ;20070825;68;58;0
San Francisco ;20070826;65;57;0
San Francisco ;20070827;66;55;0
San Francisco ;20070828;73;55;0
San Francisco ;20070829;77;60;0
San Francisco ;20070830;80;60;0
San Francisco ;20070831;70;58;0
San Francisco ;20070901;78;58;0
San Francisco ;20070902;80;58;0
San Francisco ;20070903;66;57;0
San Francisco ;20070904;67;60;0
San Francisco ;20070905;84;59;0
San Francisco ;20070906;68;59;0
San Francisco ;20070907;69;58;0
San Francisco ;20070908;64;57;0
San Francisco ;20070909;66;58;0
San Francisco ;20070910;67;59;0
San Francisco ;20070911;66;58;0
San Francisco ;20070912;65;58;0
San Francisco ;20070913;73;58;0
San Francisco ;20070914;70;60;0
San Francisco ;20070915;67;57;0
San Francisco ;20070916;68;59;0
San Francisco ;20070917;68;56;0
San Francisco ;20070918;65;56;0
San Francisco ;20070919;61;54;0
San Francisco ;20070920;68;52;0
San Francisco ;20070921;70;57;0
San Francisco ;20070922;64;58;906
San Francisco ;20070923;64;55;0
San Francisco ;20070924;77;55;0
San Francisco ;20070925;82;57;0
San Francisco ;20070926;87;60;0
San Francisco ;20070927;69;56;0
San Francisco ;20070928;62;55;0
San Francisco ;20070929;69;52;0
San Francisco ;20070930;71;53;0
San Francisco ;20071001;68;57;118
San Francisco ;20071002;74;57;0
San Francisco ;20071003;65;54;0
San Francisco ;20071004;62;53;0
San Francisco ;20071005;60;51;0
San Francisco ;20071006;67;51;0
San Francisco ;20071007;70;52;0
San Francisco ;20071008;77;51;0
San Francisco ;20071009;67;51;4291
San Francisco ;20071010;66;55;1811
San Francisco ;20071011;66;53;0
San Francisco ;20071012;58;53;10984
San Francisco ;20071013;68;53;0
San Francisco ;20071014;59;52;0
San Francisco ;20071015;64;53;118
San Francisco ;20071016;62;55;0
San Francisco ;20071017;64;53;1299
San Francisco ;20071018;69;54;0
San Francisco ;20071019;71;55;1496
San Francisco ;20071020;62;55;0
San Francisco ;20071021;71;55;0
San Francisco ;20071022;80;58;0
San Francisco ;20071023;82;61;0
San Francisco ;20071024;80;57;0
San Francisco ;20071025;66;54;0
San Francisco ;20071026;62;52;0
San Francisco ;20071027;62;53;0
San Francisco ;20071028;74;54;0
San Francisco ;20071029;59;52;0
San Francisco ;20071030;59;53;0
San Francisco ;20071031;59;52;0
San Francisco ;20071101;66;51;0
San Francisco ;20071102;74;49;0
San Francisco ;20071103;77;54;0
San Francisco ;20071104;77;52;0
San Francisco ;20071105;56;48;0
San Francisco ;20071106;60;50;0
San Francisco ;20071107;57;49;0
San Francisco ;20071108;59;53;0
San Francisco ;20071109;64;54;0
San Francisco ;20071110;60;54;7992
San Francisco ;20071111;63;51;1614
San Francisco ;20071112;68;50;0
San Francisco ;20071113;70;57;0
San Francisco ;20071114;72;56;0
San Francisco ;20071115;65;54;0
San Francisco ;20071116;59;53;0
San Francisco ;20071117;59;51;0
San Francisco ;20071118;61;53;0
San Francisco ;20071119;61;52;0
San Francisco ;20071120;62;49;0
San Francisco ;20071121;63;47;0
San Francisco ;20071122;63;47;0
San Francisco ;20071123;69;47;0
San Francisco ;20071124;64;48;0
San Francisco ;20071125;60;51;0
San Francisco ;20071126;64;48;0
San Francisco ;20071127;63;51;0
San Francisco ;20071128;64;49;0
San Francisco ;20071129;61;48;0
San Francisco ;20071130;55;45;0
San Francisco ;20071201;55;45;0
San Francisco ;20071202;59;45;0
San Francisco ;20071203;64;48;0
San Francisco ;20071204;63;53;3307
San Francisco ;20071205;61;51;0
San Francisco ;20071206;55;51;5197
San Francisco ;20071207;57;48;3504
San Francisco ;20071208;54;44;0
San Francisco ;20071209;58;45;0
San Francisco ;20071210;58;45;0
San Francisco ;20071211;58;47;0
San Francisco ;20071212;54;45;0
San Francisco ;20071213;57;43;0
San Francisco ;20071214;56;43;0
San Francisco ;20071215;55;45;0
San Francisco ;20071216;56;47;0
San Francisco ;20071217;55;49;1693
San Francisco ;20071218;56;49;7913
San Francisco ;20071219;57;47;709
San Francisco ;20071220;54;47;4803
San Francisco ;20071221;54;43;0
San Francisco ;20071222;52;41;0
San Francisco ;20071223;59;44;0
San Francisco ;20071224;59;49;0
San Francisco ;20071225;57;42;0
San Francisco ;20071226;55;44;0
San Francisco ;20071227;51;42;1811
San Francisco ;20071228;45;41;1299
San Francisco ;20071229;52;44;1299
San Francisco ;20071230;52;46;118
San Francisco ;20071231;56;41;0
San Francisco ;20080101;57;43;0
San Francisco ;20080102;59;43;0
San Francisco ;20080103;58;51;2008
San Francisco ;20080104;59;51;19606
San Francisco ;20080105;53;48;4606
San Francisco ;20080106;52;44;906
San Francisco ;20080107;52;46;906
San Francisco ;20080108;54;45;2087
San Francisco ;20080109;51;45;0
San Francisco ;20080110;51;48;1614
San Francisco ;20080111;54;49;0
San Francisco ;20080112;57;47;0
San Francisco ;20080113;58;45;0
San Francisco ;20080114;56;46;0
San Francisco ;20080115;56;44;0
San Francisco ;20080116;62;43;0
San Francisco ;20080117;59;45;0
San Francisco ;20080118;63;44;0
San Francisco ;20080119;61;44;0
San Francisco ;20080120;52;46;0
San Francisco ;20080121;48;43;5512
San Francisco ;20080122;47;43;197
San Francisco ;20080123;48;42;591
San Francisco ;20080124;46;42;3386
San Francisco ;20080125;53;43;31890
San Francisco ;20080126;62;50;3819
San Francisco ;20080127;55;45;3819
San Francisco ;20080128;50;42;787
San Francisco ;20080129;50;42;984
San Francisco ;20080130;53;43;984
San Francisco ;20080131;53;46;4882
San Francisco ;20080201;52;43;0
San Francisco ;20080202;53;44;4409
San Francisco ;20080203;53;47;591
San Francisco ;20080204;56;43;0
San Francisco ;20080205;57;43;0
San Francisco ;20080206;55;47;0
San Francisco ;20080207;58;44;0
San Francisco ;20080208;63;45;0
San Francisco ;20080209;68;48;0
San Francisco ;20080210;66;49;0
San Francisco ;20080211;67;49;0
San Francisco ;20080212;69;45;0
San Francisco ;20080213;63;48;0
San Francisco ;20080214;61;49;0
San Francisco ;20080215;59;46;0
San Francisco ;20080216;61;46;0
San Francisco ;20080217;55;45;0
San Francisco ;20080218;56;47;0
San Francisco ;20080219;53;48;5591
San Francisco ;20080220;59;48;1811
San Francisco ;20080221;58;49;1693
San Francisco ;20080222;55;47;591
San Francisco ;20080223;54;45;2520
San Francisco ;20080224;58;45;1496
San Francisco ;20080225;58;49;0
San Francisco ;20080226;66;48;0
San Francisco ;20080227;67;51;0
San Francisco ;20080228;70;48;0
San Francisco ;20080229;58;48;0
San Francisco ;20080301;57;49;0
San Francisco ;20080302;68;50;0
San Francisco ;20080303;69;49;0
San Francisco ;20080304;64;47;0
San Francisco ;20080305;67;48;0
San Francisco ;20080306;62;47;0
San Francisco ;20080307;68;48;0
San Francisco ;20080308;62;49;0
San Francisco ;20080309;69;48;0
San Francisco ;20080310;64;52;0
San Francisco ;20080311;63;50;0
San Francisco ;20080312;59;48;0
San Francisco ;20080313;58;51;1417
San Francisco ;20080314;58;49;709
San Francisco ;20080315;55;44;591
San Francisco ;20080316;63;47;0
San Francisco ;20080317;62;49;0
San Francisco ;20080318;62;49;0
San Francisco ;20080319;58;48;0
San Francisco ;20080320;57;46;0
San Francisco ;20080321;63;47;0
San Francisco ;20080322;69;48;0
San Francisco ;20080323;63;46;0
San Francisco ;20080324;62;47;0
San Francisco ;20080325;56;48;0
San Francisco ;20080326;57;48;0
San Francisco ;20080327;56;45;0
San Francisco ;20080328;59;46;0
San Francisco ;20080329;57;47;394
San Francisco ;20080330;55;44;197
San Francisco ;20080331;59;43;0
San Francisco ;20080401;57;48;0
San Francisco ;20080402;59;48;0
San Francisco ;20080403;61;47;0
San Francisco ;20080404;55;45;0
San Francisco ;20080405;55;46;0
San Francisco ;20080406;57;47;0
San Francisco ;20080407;57;45;0
San Francisco ;20080408;54;47;0
San Francisco ;20080409;58;47;0
San Francisco ;20080410;65;47;0
San Francisco ;20080411;82;52;0
San Francisco ;20080412;85;57;0
San Francisco ;20080413;76;49;0
San Francisco ;20080414;57;47;0
San Francisco ;20080415;58;44;0
San Francisco ;20080416;63;47;0
San Francisco ;20080417;71;48;0
San Francisco ;20080418;56;47;0
San Francisco ;20080419;53;45;0
San Francisco ;20080420;53;42;0
San Francisco ;20080421;55;44;0
San Francisco ;20080422;61;47;1417
San Francisco ;20080423;58;47;0
San Francisco ;20080424;62;45;0
San Francisco ;20080425;67;49;0
San Francisco ;20080426;75;53;0
San Francisco ;20080427;74;52;0
San Francisco ;20080428;66;49;0
San Francisco ;20080429;58;49;0
San Francisco ;20080430;58;47;0
San Francisco ;20080501;65;47;0
San Francisco ;20080502;56;49;0
San Francisco ;20080503;62;48;0
San Francisco ;20080504;56;48;0
San Francisco ;20080505;60;49;0
San Francisco ;20080506;65;49;0
San Francisco ;20080507;62;48;0
San Francisco ;20080508;60;48;0
San Francisco ;20080509;61;47;0
San Francisco ;20080510;62;47;0
San Francisco ;20080511;60;48;0
San Francisco ;20080512;61;50;0
San Francisco ;20080513;75;50;0
San Francisco ;20080514;81;54;0
San Francisco ;20080515;97;68;0
San Francisco ;20080516;92;62;0
San Francisco ;20080517;68;52;0
San Francisco ;20080518;61;50;0
San Francisco ;20080519;58;50;0
San Francisco ;20080520;60;51;0
San Francisco ;20080521;63;51;0
San Francisco ;20080522;65;51;0
San Francisco ;20080523;63;49;0
San Francisco ;20080524;59;50;315
San Francisco ;20080525;61;49;0
San Francisco ;20080526;59;49;0
San Francisco ;20080527;61;51;0
San Francisco ;20080528;65;53;0
San Francisco ;20080529;61;53;0
San Francisco ;20080530;62;51;0
San Francisco ;20080531;57;51;0
San Francisco ;20080601;59;49;0
San Francisco ;20080602;59;49;0
San Francisco ;20080603;61;51;0
San Francisco ;20080604;64;51;0
San Francisco ;20080605;64;51;0
San Francisco ;20080606;64;51;0
San Francisco ;20080607;66;50;0
San Francisco ;20080608;71;52;0
San Francisco ;20080609;80;52;0
San Francisco ;20080610;72;51;0
San Francisco ;20080611;78;55;0
San Francisco ;20080612;87;52;0
San Francisco ;20080613;61;49;0
San Francisco ;20080614;62;51;0
San Francisco ;20080615;57;49;0
San Francisco ;20080616;54;48;0
San Francisco ;20080617;68;48;0
San Francisco ;20080618;76;53;0
San Francisco ;20080619;87;56;0
San Francisco ;20080620;97;61;0
San Francisco ;20080621;86;54;0
San Francisco ;20080622;59;50;0
San Francisco ;20080623;55;50;0
San Francisco ;20080624;67;51;0
San Francisco ;20080625;60;51;0
San Francisco ;20080626;66;51;0
San Francisco ;20080627;61;51;0
San Francisco ;20080628;61;54;0
San Francisco ;20080629;62;52;0
San Francisco ;20080630;64;51;0
San Francisco ;20080701;62;52;0
San Francisco ;20080702;60;51;0
San Francisco ;20080703;68;52;0
San Francisco ;20080704;64;53;0
San Francisco ;20080705;67;55;0
San Francisco ;20080706;69;54;0
San Francisco ;20080707;79;55;0
San Francisco ;20080708;79;58;0
San Francisco ;20080709;77;60;0
San Francisco ;20080710;70;58;0
San Francisco ;20080711;71;57;0
San Francisco ;20080712;69;59;0
San Francisco ;20080713;68;59;0
San Francisco ;20080714;65;58;0
San Francisco ;20080715;66;58;0
San Francisco ;20080716;62;55;0
San Francisco ;20080717;63;54;0
San Francisco ;20080718;62;52;0
San Francisco ;20080719;60;52;0
San Francisco ;20080720;59;51;0
San Francisco ;20080721;61;53;0
San Francisco ;20080722;64;51;0
San Francisco ;20080723;68;54;0
San Francisco ;20080724;66;53;0
San Francisco ;20080725;68;53;0
San Francisco ;20080726;76;55;0
San Francisco ;20080727;60;54;0
San Francisco ;20080728;60;53;0
San Francisco ;20080729;64;54;0
San Francisco ;20080730;66;55;0
San Francisco ;20080731;63;55;0
San Francisco ;20080801;66;55;0
San Francisco ;20080802;74;54;0
San Francisco ;20080803;60;53;0
San Francisco ;20080804;60;51;0
San Francisco ;20080805;60;51;0
San Francisco ;20080806;62;53;0
San Francisco ;20080807;61;53;0
San Francisco ;20080808;63;54;0
San Francisco ;20080809;62;54;118
San Francisco ;20080810;72;53;0
San Francisco ;20080811;75;53;0
San Francisco ;20080812;73;54;0
San Francisco ;20080813;76;55;0
San Francisco ;20080814;69;54;0
San Francisco ;20080815;68;54;0
San Francisco ;20080816;63;55;0
San Francisco ;20080817;65;56;0
San Francisco ;20080818;66;57;0
San Francisco ;20080819;69;57;0
San Francisco ;20080820;71;57;0
San Francisco ;20080821;68;59;0
San Francisco ;20080822;69;57;0
San Francisco ;20080823;67;56;0
San Francisco ;20080824;69;56;0
San Francisco ;20080825;68;58;0
San Francisco ;20080826;73;55;0
San Francisco ;20080827;83;57;0
San Francisco ;20080828;80;60;0
San Francisco ;20080829;81;58;0
San Francisco ;20080830;67;56;0
San Francisco ;20080831;71;54;0
San Francisco ;20080901;78;56;0
San Francisco ;20080902;85;58;0
San Francisco ;20080903;87;58;0
San Francisco ;20080904;93;58;0
San Francisco ;20080905;89;61;0
San Francisco ;20080906;84;60;0
San Francisco ;20080907;66;55;0
San Francisco ;20080908;64;54;0
San Francisco ;20080909;62;56;0
San Francisco ;20080910;67;56;0
San Francisco ;20080911;62;55;0
San Francisco ;20080912;60;54;0
San Francisco ;20080913;63;54;0
San Francisco ;20080914;62;55;0
San Francisco ;20080915;62;53;0
San Francisco ;20080916;61;53;0
San Francisco ;20080917;65;55;0
San Francisco ;20080918;65;53;0
San Francisco ;20080919;72;56;0
San Francisco ;20080920;67;58;0
San Francisco ;20080921;65;57;0
San Francisco ;20080922;75;55;0
San Francisco ;20080923;84;56;0
San Francisco ;20080924;69;55;0
San Francisco ;20080925;76;56;0
San Francisco ;20080926;71;54;0
San Francisco ;20080927;77;52;0
San Francisco ;20080928;63;54;0
San Francisco ;20080929;65;57;0
San Francisco ;20080930;71;56;0
San Francisco ;20081001;71;59;0
San Francisco ;20081002;71;58;0
San Francisco ;20081003;69;58;591
San Francisco ;20081004;67;59;787
San Francisco ;20081005;67;57;0
San Francisco ;20081006;76;58;0
San Francisco ;20081007;78;54;0
San Francisco ;20081008;76;56;0
San Francisco ;20081009;69;53;0
San Francisco ;20081010;63;52;0
San Francisco ;20081011;65;55;0
San Francisco ;20081012;70;55;0
San Francisco ;20081013;77;58;0
San Francisco ;20081014;79;53;0
San Francisco ;20081015;81;56;0
San Francisco ;20081016;85;58;0
San Francisco ;20081017;83;60;0
San Francisco ;20081018;64;52;0
San Francisco ;20081019;56;51;0
San Francisco ;20081020;61;51;0
San Francisco ;20081021;77;53;0
San Francisco ;20081022;83;57;0
San Francisco ;20081023;84;60;0
San Francisco ;20081024;83;58;0
San Francisco ;20081025;80;57;0
San Francisco ;20081026;62;51;0
San Francisco ;20081027;63;50;0
San Francisco ;20081028;66;50;0
San Francisco ;20081029;67;48;0
San Francisco ;20081030;64;50;512
San Francisco ;20081031;69;58;1614
San Francisco ;20081101;65;58;11181
San Francisco ;20081102;65;55;4291
San Francisco ;20081103;61;55;5000
San Francisco ;20081104;58;51;0
San Francisco ;20081105;62;48;0
San Francisco ;20081106;66;54;0
San Francisco ;20081107;70;54;0
San Francisco ;20081108;61;53;787
San Francisco ;20081109;61;52;0
San Francisco ;20081110;59;50;0
San Francisco ;20081111;60;52;0
San Francisco ;20081112;65;55;0
San Francisco ;20081113;73;54;0
San Francisco ;20081114;80;58;0
San Francisco ;20081115;80;63;0
San Francisco ;20081116;75;58;0
San Francisco ;20081117;75;60;0
San Francisco ;20081118;65;50;0
San Francisco ;20081119;56;51;0
San Francisco ;20081120;63;52;0
San Francisco ;20081121;65;50;0
San Francisco ;20081122;65;49;0
San Francisco ;20081123;66;51;0
San Francisco ;20081124;62;50;0
San Francisco ;20081125;60;53;0
San Francisco ;20081126;59;53;1811
San Francisco ;20081127;62;53;0
San Francisco ;20081128;57;51;0
San Francisco ;20081129;65;50;0
San Francisco ;20081130;68;53;0
San Francisco ;20081201;56;52;0
San Francisco ;20081202;63;52;0
San Francisco ;20081203;57;48;0
San Francisco ;20081204;59;48;0
San Francisco ;20081205;64;49;0
San Francisco ;20081206;58;47;0
San Francisco ;20081207;54;43;0
San Francisco ;20081208;53;48;0
San Francisco ;20081209;58;45;0
San Francisco ;20081210;61;47;0
San Francisco ;20081211;61;48;0
San Francisco ;20081212;58;48;197
San Francisco ;20081213;52;45;0
San Francisco ;20081214;50;44;7087
San Francisco ;20081215;51;43;1890
San Francisco ;20081216;46;40;3386
San Francisco ;20081217;52;40;0
San Francisco ;20081218;54;40;0
San Francisco ;20081219;54;45;2402
San Francisco ;20081220;51;41;0
San Francisco ;20081221;53;45;5709
San Francisco ;20081222;53;45;315
San Francisco ;20081223;52;45;984
San Francisco ;20081224;55;47;1496
San Francisco ;20081225;54;45;4685
San Francisco ;20081226;52;41;0
San Francisco ;20081227;53;42;0
San Francisco ;20081228;59;48;0
San Francisco ;20081229;61;47;0
San Francisco ;20081230;58;45;0
San Francisco ;20081231;58;43;0
San Francisco ;20090101;52;43;0
San Francisco ;20090102;55;45;2402
San Francisco ;20090103;52;41;0
San Francisco ;20090104;51;39;0
San Francisco ;20090105;47;44;0
San Francisco ;20090106;53;45;0
San Francisco ;20090107;50;44;0
San Francisco ;20090108;55;45;0
San Francisco ;20090109;60;42;0
San Francisco ;20090110;65;50;0
San Francisco ;20090111;67;47;0
San Francisco ;20090112;74;52;0
San Francisco ;20090113;72;56;0
San Francisco ;20090114;69;50;0
San Francisco ;20090115;73;51;0
San Francisco ;20090116;70;52;0
San Francisco ;20090117;67;50;0
San Francisco ;20090118;68;51;0
San Francisco ;20090119;69;50;0
San Francisco ;20090120;69;50;0
San Francisco ;20090121;61;52;1102
San Francisco ;20090122;55;50;3819
San Francisco ;20090123;56;52;1614
San Francisco ;20090124;54;49;118
San Francisco ;20090125;54;46;0
San Francisco ;20090126;55;43;0
San Francisco ;20090127;57;45;0
San Francisco ;20090128;58;44;0
San Francisco ;20090129;68;46;0
San Francisco ;20090130;67;46;0
San Francisco ;20090131;66;46;0
San Francisco ;20090201;67;47;0
San Francisco ;20090202;67;49;0
San Francisco ;20090203;67;49;0
San Francisco ;20090204;64;47;0
San Francisco ;20090205;58;51;1299
San Francisco ;20090206;54;51;5315
San Francisco ;20090207;61;49;197
San Francisco ;20090208;55;46;3386
San Francisco ;20090209;53;44;0
San Francisco ;20090210;53;40;2283
San Francisco ;20090211;55;45;2008
San Francisco ;20090212;54;44;0
San Francisco ;20090213;53;43;6614
San Francisco ;20090214;55;44;906
San Francisco ;20090215;55;45;21811
San Francisco ;20090216;56;45;7913
San Francisco ;20090217;54;47;8701
San Francisco ;20090218;59;47;0
San Francisco ;20090219;64;46;0
San Francisco ;20090220;65;49;0
San Francisco ;20090221;51;50;0
San Francisco ;20090222;58;53;12402
San Francisco ;20090223;59;51;3504
San Francisco ;20090224;52;51;118
San Francisco ;20090225;61;50;2087
San Francisco ;20090226;59;49;709
San Francisco ;20090227;59;46;0
San Francisco ;20090228;63;52;0
San Francisco ;20090301;60;54;2717
San Francisco ;20090302;60;53;4016
San Francisco ;20090303;58;48;6181
San Francisco ;20090304;56;45;1417
San Francisco ;20090305;57;45;9094
San Francisco ;20090306;56;47;0
San Francisco ;20090307;60;45;0
San Francisco ;20090308;57;47;0
San Francisco ;20090309;54;44;0
San Francisco ;20090310;58;42;0
San Francisco ;20090311;61;44;0
San Francisco ;20090312;57;46;0
San Francisco ;20090313;57;47;0
San Francisco ;20090314;52;47;0
San Francisco ;20090315;60;50;787
San Francisco ;20090316;62;53;984
San Francisco ;20090317;63;52;0
San Francisco ;20090318;67;49;0
San Francisco ;20090319;67;53;0
San Francisco ;20090320;59;50;0
San Francisco ;20090321;58;49;591
San Francisco ;20090322;53;45;1811
San Francisco ;20090323;55;44;0
San Francisco ;20090324;62;46;0
San Francisco ;20090325;66;48;0
San Francisco ;20090326;64;50;0
San Francisco ;20090327;72;52;0
San Francisco ;20090328;65;50;0
San Francisco ;20090329;60;48;0
San Francisco ;20090330;65;49;0
San Francisco ;20090331;65;47;0
San Francisco ;20090401;63;49;0
San Francisco ;20090402;59;47;0
San Francisco ;20090403;57;46;0
San Francisco ;20090404;65;45;0
San Francisco ;20090405;75;48;0
San Francisco ;20090406;75;52;0
San Francisco ;20090407;60;51;2205
San Francisco ;20090408;62;50;118
San Francisco ;20090409;55;50;118
San Francisco ;20090410;58;48;0
San Francisco ;20090411;59;46;0
San Francisco ;20090412;62;49;0
San Francisco ;20090413;62;49;0
San Francisco ;20090414;54;45;0
San Francisco ;20090415;56;44;0
San Francisco ;20090416;60;47;0
San Francisco ;20090417;66;49;0
San Francisco ;20090418;69;47;0
San Francisco ;20090419;68;53;0
San Francisco ;20090420;93;62;0
San Francisco ;20090421;87;64;0
San Francisco ;20090422;68;51;0
San Francisco ;20090423;62;49;0
San Francisco ;20090424;55;48;0
San Francisco ;20090425;57;46;0
San Francisco ;20090426;60;46;0
San Francisco ;20090427;54;47;0
San Francisco ;20090428;56;46;0
San Francisco ;20090429;58;46;0
San Francisco ;20090430;64;48;0
San Francisco ;20090501;64;47;2283
San Francisco ;20090502;64;55;394
San Francisco ;20090503;63;51;591
San Francisco ;20090504;69;50;512
San Francisco ;20090505;68;55;4213
San Francisco ;20090506;68;54;0
San Francisco ;20090507;68;50;0
San Francisco ;20090508;73;52;0
San Francisco ;20090509;68;51;0
San Francisco ;20090510;64;48;0
San Francisco ;20090511;64;49;0
San Francisco ;20090512;64;48;0
San Francisco ;20090513;65;51;0
San Francisco ;20090514;65;50;0
San Francisco ;20090515;62;51;0
San Francisco ;20090516;89;54;0
San Francisco ;20090517;85;53;0
San Francisco ;20090518;59;50;0
San Francisco ;20090519;60;50;0
San Francisco ;20090520;61;49;0
San Francisco ;20090521;61;48;0
San Francisco ;20090522;61;50;0
San Francisco ;20090523;54;49;0
San Francisco ;20090524;54;48;0
San Francisco ;20090525;61;48;0
San Francisco ;20090526;70;50;0
San Francisco ;20090527;61;51;0
San Francisco ;20090528;61;51;0
San Francisco ;20090529;61;52;0
San Francisco ;20090530;60;53;0
San Francisco ;20090531;58;52;0
San Francisco ;20090601;60;52;0
San Francisco ;20090602;61;51;0
San Francisco ;20090603;62;53;0
San Francisco ;20090604;64;54;0
San Francisco ;20090605;67;56;0
San Francisco ;20090606;66;56;0
San Francisco ;20090607;65;56;0
San Francisco ;20090608;60;54;0
San Francisco ;20090609;64;55;0
San Francisco ;20090610;65;56;0
San Francisco ;20090611;65;56;0
San Francisco ;20090612;64;55;0
San Francisco ;20090613;66;57;0
San Francisco ;20090614;66;57;0
San Francisco ;20090615;65;57;0
San Francisco ;20090616;62;55;0
San Francisco ;20090617;64;56;0
San Francisco ;20090618;70;55;0
San Francisco ;20090619;70;54;0
San Francisco ;20090620;65;53;0
San Francisco ;20090621;68;53;0
San Francisco ;20090622;73;53;0
San Francisco ;20090623;74;53;0
San Francisco ;20090624;66;53;0
San Francisco ;20090625;65;53;0
San Francisco ;20090626;67;52;0
San Francisco ;20090627;79;51;0
San Francisco ;20090628;78;58;0
San Francisco ;20090629;65;55;0
San Francisco ;20090630;66;56;0
San Francisco ;20090701;65;56;0
San Francisco ;20090702;65;56;0
San Francisco ;20090703;63;54;0
San Francisco ;20090704;65;54;0
San Francisco ;20090705;62;54;0
San Francisco ;20090706;66;54;0
San Francisco ;20090707;60;55;0
San Francisco ;20090708;70;54;0
San Francisco ;20090709;63;52;0
San Francisco ;20090710;63;53;0
San Francisco ;20090711;66;52;0
San Francisco ;20090712;66;53;0
San Francisco ;20090713;81;53;0
San Francisco ;20090714;83;56;0
San Francisco ;20090715;64;52;0
San Francisco ;20090716;64;51;0
San Francisco ;20090717;66;51;0
San Francisco ;20090718;70;54;0
San Francisco ;20090719;69;53;0
San Francisco ;20090720;61;53;0
San Francisco ;20090721;59;52;0
San Francisco ;20090722;59;52;0
San Francisco ;20090723;58;51;0
San Francisco ;20090724;61;52;0
San Francisco ;20090725;63;51;0
San Francisco ;20090726;66;52;0
San Francisco ;20090727;65;51;0
San Francisco ;20090728;62;54;0
San Francisco ;20090729;64;56;0
San Francisco ;20090730;68;55;0
San Francisco ;20090731;62;54;0
San Francisco ;20090801;63;54;0
San Francisco ;20090802;64;55;0
San Francisco ;20090803;67;55;0
San Francisco ;20090804;69;57;0
San Francisco ;20090805;69;57;0
San Francisco ;20090806;68;58;0
San Francisco ;20090807;67;57;0
San Francisco ;20090808;73;56;0
San Francisco ;20090809;78;55;0
San Francisco ;20090810;84;58;0
San Francisco ;20090811;64;57;0
San Francisco ;20090812;76;55;0
San Francisco ;20090813;69;57;0
San Francisco ;20090814;67;56;0
San Francisco ;20090815;72;55;0
San Francisco ;20090816;71;54;0
San Francisco ;20090817;64;54;0
San Francisco ;20090818;65;54;0
San Francisco ;20090819;63;56;0
San Francisco ;20090820;65;56;0
San Francisco ;20090821;75;55;0
San Francisco ;20090822;61;56;0
San Francisco ;20090823;62;55;0
San Francisco ;20090824;64;54;0
San Francisco ;20090825;67;53;0
San Francisco ;20090826;64;53;0
San Francisco ;20090827;79;53;0
San Francisco ;20090828;96;61;0
San Francisco ;20090829;87;56;0
San Francisco ;20090830;61;54;0
San Francisco ;20090831;66;53;0
San Francisco ;20090901;68;57;0
San Francisco ;20090902;88;59;0
San Francisco ;20090903;78;56;0
San Francisco ;20090904;64;53;0
San Francisco ;20090905;70;55;0
San Francisco ;20090906;66;56;0
San Francisco ;20090907;71;57;0
San Francisco ;20090908;66;55;0
San Francisco ;20090909;66;54;0
San Francisco ;20090910;77;55;0
San Francisco ;20090911;71;53;0
San Francisco ;20090912;62;57;787
San Francisco ;20090913;72;58;2008
San Francisco ;20090914;68;58;0
San Francisco ;20090915;74;57;0
San Francisco ;20090916;69;56;0
San Francisco ;20090917;77;58;0
San Francisco ;20090918;87;61;0
San Francisco ;20090919;71;56;0
San Francisco ;20090920;77;56;0
San Francisco ;20090921;66;55;0
San Francisco ;20090922;73;54;0
San Francisco ;20090923;64;55;0
San Francisco ;20090924;63;54;0
San Francisco ;20090925;72;53;0
San Francisco ;20090926;85;52;0
San Francisco ;20090927;81;58;0
San Francisco ;20090928;62;55;0
San Francisco ;20090929;63;53;0
San Francisco ;20090930;67;51;0
San Francisco ;20091001;77;55;0
San Francisco ;20091002;76;53;0
San Francisco ;20091003;63;52;0
San Francisco ;20091004;61;50;0
San Francisco ;20091005;67;51;0
San Francisco ;20091006;72;51;0
San Francisco ;20091007;67;53;0
San Francisco ;20091008;61;53;0
San Francisco ;20091009;62;52;0
San Francisco ;20091010;58;51;0
San Francisco ;20091011;58;51;0
San Francisco ;20091012;64;56;0
San Francisco ;20091013;64;57;24803
San Francisco ;20091014;74;62;0
San Francisco ;20091015;71;63;0
San Francisco ;20091016;75;58;0
San Francisco ;20091017;72;54;0
San Francisco ;20091018;61;56;0
San Francisco ;20091019;68;57;6299
San Francisco ;20091020;64;56;0
San Francisco ;20091021;69;54;0
San Francisco ;20091022;71;56;0
San Francisco ;20091023;75;56;0
San Francisco ;20091024;70;55;0
San Francisco ;20091025;76;54;0
San Francisco ;20091026;72;56;0
San Francisco ;20091027;66;54;0
San Francisco ;20091028;64;53;0
San Francisco ;20091029;65;51;0
San Francisco ;20091030;72;53;0
San Francisco ;20091031;69;51;0
San Francisco ;20091101;73;51;0
San Francisco ;20091102;79;58;0
San Francisco ;20091103;77;58;0
San Francisco ;20091104;64;53;0
San Francisco ;20091105;65;57;0
San Francisco ;20091106;62;54;906
San Francisco ;20091107;64;50;0
San Francisco ;20091108;65;51;0
San Francisco ;20091109;62;49;0
San Francisco ;20091110;64;54;0
San Francisco ;20091111;63;54;0
San Francisco ;20091112;61;51;0
San Francisco ;20091113;59;47;0
San Francisco ;20091114;60;51;512
San Francisco ;20091115;63;48;0
San Francisco ;20091116;65;48;0
San Francisco ;20091117;63;47;118
San Francisco ;20091118;59;48;0
San Francisco ;20091119;61;46;0
San Francisco ;20091120;57;48;2913
San Francisco ;20091121;57;46;0
San Francisco ;20091122;61;47;0
San Francisco ;20091123;64;47;0
San Francisco ;20091124;67;50;0
San Francisco ;20091125;69;51;0
San Francisco ;20091126;65;50;0
San Francisco ;20091127;57;50;118
San Francisco ;20091128;67;49;0
San Francisco ;20091129;70;53;0
San Francisco ;20091130;62;49;0
San Francisco ;20091201;63;45;0
San Francisco ;20091202;54;40;0
San Francisco ;20091203;56;45;0
San Francisco ;20091204;57;42;0
San Francisco ;20091205;54;47;0
San Francisco ;20091206;51;40;2992
San Francisco ;20091207;47;39;2520
San Francisco ;20091208;47;38;0
San Francisco ;20091209;46;38;0
San Francisco ;20091210;48;42;984
San Francisco ;20091211;51;42;5000
San Francisco ;20091212;58;48;5906
San Francisco ;20091213;55;51;787
San Francisco ;20091214;57;50;0
San Francisco ;20091215;58;49;0
San Francisco ;20091216;57;49;2283
San Francisco ;20091217;60;50;0
San Francisco ;20091218;60;50;0
San Francisco ;20091219;56;47;0
San Francisco ;20091220;61;48;197
San Francisco ;20091221;58;49;1614
San Francisco ;20091222;55;45;0
San Francisco ;20091223;57;43;0
San Francisco ;20091224;58;44;0
San Francisco ;20091225;59;44;0
San Francisco ;20091226;54;46;4094
San Francisco ;20091227;54;48;118
San Francisco ;20091228;53;47;0
San Francisco ;20091229;53;43;1102
San Francisco ;20091230;57;46;118
San Francisco ;20091231;59;49;0
San Francisco ;20100101;58;52;512
San Francisco ;20100102;56;51;118
San Francisco ;20100103;57;47;0
San Francisco ;20100104;55;46;0
San Francisco ;20100105;54;47;0
San Francisco ;20100106;55;45;0
San Francisco ;20100107;53;45;0
San Francisco ;20100108;53;46;0
San Francisco ;20100109;53;46;0
San Francisco ;20100110;51;45;0
San Francisco ;20100111;56;45;0
San Francisco ;20100112;60;53;4488
San Francisco ;20100113;60;51;118
San Francisco ;20100114;61;48;0
San Francisco ;20100115;54;49;0
San Francisco ;20100116;58;47;1417
San Francisco ;20100117;55;51;1496
San Francisco ;20100118;56;49;9882
San Francisco ;20100119;58;49;12402
San Francisco ;20100120;56;48;10315
San Francisco ;20100121;51;43;7795
San Francisco ;20100122;49;44;2520
San Francisco ;20100123;54;45;3189
San Francisco ;20100124;53;46;197
San Francisco ;20100125;56;48;7087
San Francisco ;20100126;55;50;1496
San Francisco ;20100127;59;47;0
San Francisco ;20100128;57;49;0
San Francisco ;20100129;59;50;3583
San Francisco ;20100130;59;48;0
San Francisco ;20100131;57;48;0
San Francisco ;20100201;58;50;0
San Francisco ;20100202;58;49;0
San Francisco ;20100203;60;49;0
San Francisco ;20100204;58;51;3898
San Francisco ;20100205;62;51;0
San Francisco ;20100206;56;50;4882
San Francisco ;20100207;57;48;0
San Francisco ;20100208;55;46;394
San Francisco ;20100209;57;47;2205
San Francisco ;20100210;57;47;0
San Francisco ;20100211;60;48;118
San Francisco ;20100212;62;50;984
San Francisco ;20100213;64;52;0
San Francisco ;20100214;63;49;0
San Francisco ;20100215;67;51;0
San Francisco ;20100216;67;51;0
San Francisco ;20100217;68;49;0
San Francisco ;20100218;57;50;0
San Francisco ;20100219;56;50;0
San Francisco ;20100220;56;50;0
San Francisco ;20100221;53;49;5709
San Francisco ;20100222;59;48;0
San Francisco ;20100223;54;49;9882
San Francisco ;20100224;59;51;1102
San Francisco ;20100225;63;50;0
San Francisco ;20100226;60;53;2913
San Francisco ;20100227;58;49;2087
San Francisco ;20100228;62;48;0
San Francisco ;20100301;59;51;0
San Francisco ;20100302;58;51;4606
San Francisco ;20100303;58;46;7717
San Francisco ;20100304;56;43;0
San Francisco ;20100305;57;47;0
San Francisco ;20100306;63;52;0
San Francisco ;20100307;60;51;0
San Francisco ;20100308;54;44;1417
San Francisco ;20100309;54;43;394
San Francisco ;20100310;55;45;315
San Francisco ;20100311;57;45;0
San Francisco ;20100312;56;47;5000
San Francisco ;20100313;57;43;0
San Francisco ;20100314;63;46;0
San Francisco ;20100315;68;46;0
San Francisco ;20100316;71;53;0
San Francisco ;20100317;71;53;0
San Francisco ;20100318;72;50;0
San Francisco ;20100319;80;56;0
San Francisco ;20100320;62;51;0
San Francisco ;20100321;62;50;0
San Francisco ;20100322;63;50;0
San Francisco ;20100323;71;50;0
San Francisco ;20100324;59;49;512
San Francisco ;20100325;59;50;591
San Francisco ;20100326;60;47;0
San Francisco ;20100327;71;49;0
San Francisco ;20100328;64;51;0
San Francisco ;20100329;62;54;591
San Francisco ;20100330;58;49;1614
San Francisco ;20100331;55;44;5197
San Francisco ;20100401;55;46;0
San Francisco ;20100402;56;48;1417
San Francisco ;20100403;55;45;0
San Francisco ;20100404;53;48;7402
San Francisco ;20100405;57;44;2008
San Francisco ;20100406;60;46;0
San Francisco ;20100407;68;49;0
San Francisco ;20100408;60;49;0
San Francisco ;20100409;66;48;0
San Francisco ;20100410;58;52;0
San Francisco ;20100411;55;52;11693
San Francisco ;20100412;57;47;3386
San Francisco ;20100413;59;50;0
San Francisco ;20100414;59;49;0
San Francisco ;20100415;67;48;0
San Francisco ;20100416;65;51;0
San Francisco ;20100417;65;53;0
San Francisco ;20100418;75;51;0
San Francisco ;20100419;62;51;0
San Francisco ;20100420;59;48;6890
San Francisco ;20100421;56;48;118
San Francisco ;20100422;64;49;0
San Francisco ;20100423;64;50;0
San Francisco ;20100424;66;49;0
San Francisco ;20100425;75;51;0
San Francisco ;20100426;58;50;0
San Francisco ;20100427;61;52;1181
San Francisco ;20100428;57;48;1811
San Francisco ;20100429;58;46;0
San Francisco ;20100430;63;47;0
San Francisco ;20100501;64;49;0
San Francisco ;20100502;67;50;0
San Francisco ;20100503;71;51;0
San Francisco ;20100504;66;49;0
San Francisco ;20100505;62;49;0
San Francisco ;20100506;66;49;0
San Francisco ;20100507;59;50;0
San Francisco ;20100508;59;50;0
San Francisco ;20100509;59;51;0
San Francisco ;20100510;58;48;2087
San Francisco ;20100511;61;46;0
San Francisco ;20100512;65;50;0
San Francisco ;20100513;64;49;0
San Francisco ;20100514;57;49;0
San Francisco ;20100515;59;49;0
San Francisco ;20100516;56;48;0
San Francisco ;20100517;58;51;2205
San Francisco ;20100518;64;53;118
San Francisco ;20100519;64;52;0
San Francisco ;20100520;63;49;0
San Francisco ;20100521;58;49;0
San Francisco ;20100522;56;47;0
San Francisco ;20100523;61;47;0
San Francisco ;20100524;62;50;0
San Francisco ;20100525;59;54;2283
San Francisco ;20100526;65;52;0
San Francisco ;20100527;61;52;2795
San Francisco ;20100528;62;50;0
San Francisco ;20100529;71;50;0
San Francisco ;20100530;71;53;0
San Francisco ;20100531;62;53;0
San Francisco ;20100601;62;52;0
San Francisco ;20100602;64;52;118
San Francisco ;20100603;74;56;0
San Francisco ;20100604;68;60;118
San Francisco ;20100605;71;57;0
San Francisco ;20100606;68;56;0
San Francisco ;20100607;64;54;0
San Francisco ;20100608;60;52;0
San Francisco ;20100609;63;54;0
San Francisco ;20100610;65;53;0
San Francisco ;20100611;70;52;0
San Francisco ;20100612;87;57;0
San Francisco ;20100613;72;54;0
San Francisco ;20100614;60;51;0
San Francisco ;20100615;60;50;0
San Francisco ;20100616;67;50;0
San Francisco ;20100617;68;51;0
San Francisco ;20100618;60;50;0
San Francisco ;20100619;59;51;0
San Francisco ;20100620;65;50;0
San Francisco ;20100621;67;52;0
San Francisco ;20100622;62;52;0
San Francisco ;20100623;60;51;0
San Francisco ;20100624;57;51;118
San Francisco ;20100625;62;52;394
San Francisco ;20100626;65;51;0
San Francisco ;20100627;77;52;0
San Francisco ;20100628;70;56;0
San Francisco ;20100629;64;54;0
San Francisco ;20100630;64;52;0
San Francisco ;20100701;66;50;0
San Francisco ;20100702;67;52;0
San Francisco ;20100703;72;54;0
San Francisco ;20100704;64;53;0
San Francisco ;20100705;62;53;0
San Francisco ;20100706;63;54;0
San Francisco ;20100707;62;54;0
San Francisco ;20100708;59;53;0
San Francisco ;20100709;60;53;0
San Francisco ;20100710;63;53;0
San Francisco ;20100711;64;55;0
San Francisco ;20100712;65;56;0
San Francisco ;20100713;65;57;0
San Francisco ;20100714;68;56;0
San Francisco ;20100715;67;56;0
San Francisco ;20100716;63;55;0
San Francisco ;20100717;66;55;0
San Francisco ;20100718;64;54;0
San Francisco ;20100719;60;54;0
San Francisco ;20100720;60;52;0
San Francisco ;20100721;56;52;0
San Francisco ;20100722;63;52;0
San Francisco ;20100723;63;54;0
San Francisco ;20100724;60;53;0
San Francisco ;20100725;60;52;0
San Francisco ;20100726;62;55;0
San Francisco ;20100727;64;56;0
San Francisco ;20100728;65;54;0
San Francisco ;20100729;61;52;0
San Francisco ;20100730;61;52;0
San Francisco ;20100731;61;53;0
San Francisco ;20100801;64;52;0
San Francisco ;20100802;61;52;0
San Francisco ;20100803;63;52;0
San Francisco ;20100804;59;52;0
San Francisco ;20100805;61;51;0
San Francisco ;20100806;62;51;0
San Francisco ;20100807;65;52;0
San Francisco ;20100808;61;53;0
San Francisco ;20100809;61;53;0
San Francisco ;20100810;61;52;0
San Francisco ;20100811;59;52;0
San Francisco ;20100812;65;52;0
San Francisco ;20100813;63;52;0
San Francisco ;20100814;62;53;0
San Francisco ;20100815;62;54;0
San Francisco ;20100816;62;52;0
San Francisco ;20100817;66;53;118
San Francisco ;20100818;65;54;0
San Francisco ;20100819;65;53;0
San Francisco ;20100820;62;53;0
San Francisco ;20100821;61;53;0
San Francisco ;20100822;68;53;0
San Francisco ;20100823;88;58;0
San Francisco ;20100824;98;65;0
San Francisco ;20100825;74;58;0
San Francisco ;20100826;61;55;0
San Francisco ;20100827;62;53;0
San Francisco ;20100828;62;53;0
San Francisco ;20100829;64;53;0
San Francisco ;20100830;63;52;0
San Francisco ;20100831;72;54;0
San Francisco ;20100901;84;56;0
San Francisco ;20100902;83;56;0
San Francisco ;20100903;66;54;0
San Francisco ;20100904;62;52;0
San Francisco ;20100905;70;53;0
San Francisco ;20100906;84;55;0
San Francisco ;20100907;61;54;0
San Francisco ;20100908;62;54;197
San Francisco ;20100909;67;53;0
San Francisco ;20100910;73;54;0
San Francisco ;20100911;75;52;0
San Francisco ;20100912;62;52;0
San Francisco ;20100913;61;53;0
San Francisco ;20100914;62;52;0
San Francisco ;20100915;61;52;0
San Francisco ;20100916;65;55;0
San Francisco ;20100917;65;58;0
San Francisco ;20100918;70;60;0
San Francisco ;20100919;69;58;0
San Francisco ;20100920;68;56;0
San Francisco ;20100921;63;56;0
San Francisco ;20100922;62;55;0
San Francisco ;20100923;74;53;0
San Francisco ;20100924;81;57;0
San Francisco ;20100925;91;61;0
San Francisco ;20100926;80;53;0
San Francisco ;20100927;93;57;0
San Francisco ;20100928;92;62;0
San Francisco ;20100929;71;55;0
San Francisco ;20100930;62;53;0
San Francisco ;20101001;62;55;0
San Francisco ;20101002;65;54;0
San Francisco ;20101003;62;54;118
San Francisco ;20101004;63;54;0
San Francisco ;20101005;66;53;0
San Francisco ;20101006;69;55;0
San Francisco ;20101007;66;54;0
San Francisco ;20101008;72;54;0
San Francisco ;20101009;71;54;0
San Francisco ;20101010;72;55;0
San Francisco ;20101011;80;56;0
San Francisco ;20101012;89;64;0
San Francisco ;20101013;87;63;0
San Francisco ;20101014;85;59;0
San Francisco ;20101015;65;55;0
San Francisco ;20101016;58;52;0
San Francisco ;20101017;54;52;1102
San Francisco ;20101018;60;51;0
San Francisco ;20101019;68;50;0
San Francisco ;20101020;61;50;0
San Francisco ;20101021;65;57;0
San Francisco ;20101022;60;52;984
San Francisco ;20101023;63;52;4409
San Francisco ;20101024;64;56;5984
San Francisco ;20101025;61;54;0
San Francisco ;20101026;64;52;0
San Francisco ;20101027;63;50;0
San Francisco ;20101028;71;55;0
San Francisco ;20101029;62;54;4685
San Francisco ;20101030;61;52;787
San Francisco ;20101031;67;53;0
San Francisco ;20101101;70;54;0
San Francisco ;20101102;75;54;0
San Francisco ;20101103;78;60;0
San Francisco ;20101104;78;61;0
San Francisco ;20101105;65;54;0
San Francisco ;20101106;63;54;0
San Francisco ;20101107;59;53;11811
San Francisco ;20101108;59;50;0
San Francisco ;20101109;60;48;394
San Francisco ;20101110;61;52;197
San Francisco ;20101111;65;52;0
San Francisco ;20101112;65;50;0
San Francisco ;20101113;70;51;0
San Francisco ;20101114;78;56;0
San Francisco ;20101115;80;62;0
San Francisco ;20101116;70;56;0
San Francisco ;20101117;68;48;0
San Francisco ;20101118;59;48;0
San Francisco ;20101119;56;46;3819
San Francisco ;20101120;57;46;8307
San Francisco ;20101121;54;46;1693
San Francisco ;20101122;57;48;906
San Francisco ;20101123;54;44;1181
San Francisco ;20101124;50;41;0
San Francisco ;20101125;52;44;0
San Francisco ;20101126;54;42;0
San Francisco ;20101127;55;46;2717
San Francisco ;20101128;53;43;0
San Francisco ;20101129;54;42;0
San Francisco ;20101130;53;44;0
San Francisco ;20101201;55;44;0
San Francisco ;20101202;55;48;197
San Francisco ;20101203;56;50;0
San Francisco ;20101204;58;51;197
San Francisco ;20101205;59;52;3819
San Francisco ;20101206;63;53;315
San Francisco ;20101207;61;49;0
San Francisco ;20101208;57;51;10197
San Francisco ;20101209;63;55;118
San Francisco ;20101210;61;56;197
San Francisco ;20101211;61;55;0
San Francisco ;20101212;57;54;0
San Francisco ;20101213;57;53;0
San Francisco ;20101214;59;51;2913
San Francisco ;20101215;54;47;0
San Francisco ;20101216;54;44;197
San Francisco ;20101217;56;46;8189
San Francisco ;20101218;59;54;2795
San Francisco ;20101219;58;50;12205
San Francisco ;20101220;54;49;394
San Francisco ;20101221;58;48;1102
San Francisco ;20101222;55;49;4803
San Francisco ;20101223;57;44;0
San Francisco ;20101224;58;46;0
San Francisco ;20101225;55;48;6299
San Francisco ;20101226;59;48;197
San Francisco ;20101227;57;48;0
San Francisco ;20101228;56;50;12087
San Francisco ;20101229;56;44;906
San Francisco ;20101230;52;42;0
San Francisco ;20101231;49;42;0
San Francisco ;20110101;49;44;5315
San Francisco ;20110102;50;46;5512
San Francisco ;20110103;53;46;0
San Francisco ;20110104;54;43;0
San Francisco ;20110105;55;43;0
San Francisco ;20110106;49;40;0
San Francisco ;20110107;45;39;0
San Francisco ;20110108;48;41;0
San Francisco ;20110109;47;40;0
San Francisco ;20110110;50;41;0
San Francisco ;20110111;49;43;197
San Francisco ;20110112;57;47;0
San Francisco ;20110113;57;49;1299
San Francisco ;20110114;60;52;0
San Francisco ;20110115;65;51;0
San Francisco ;20110116;56;47;0
San Francisco ;20110117;52;48;0
San Francisco ;20110118;62;47;0
San Francisco ;20110119;62;51;0
San Francisco ;20110120;66;48;0
San Francisco ;20110121;65;49;0
San Francisco ;20110122;67;49;0
San Francisco ;20110123;68;51;0
San Francisco ;20110124;66;48;0
San Francisco ;20110125;67;49;0
San Francisco ;20110126;65;51;0
San Francisco ;20110127;64;49;0
San Francisco ;20110128;54;46;0
San Francisco ;20110129;56;48;787
San Francisco ;20110130;55;48;2402
San Francisco ;20110131;55;45;0
San Francisco ;20110201;63;47;0
San Francisco ;20110202;63;51;0
San Francisco ;20110203;62;46;0
San Francisco ;20110204;63;46;0
San Francisco ;20110205;73;51;0
San Francisco ;20110206;77;60;0
San Francisco ;20110207;66;51;0
San Francisco ;20110208;61;51;0
San Francisco ;20110209;61;47;0
San Francisco ;20110210;64;45;0
San Francisco ;20110211;66;46;0
San Francisco ;20110212;65;48;0
San Francisco ;20110213;58;46;0
San Francisco ;20110214;57;50;2795
San Francisco ;20110215;58;51;2795
San Francisco ;20110216;53;44;5000
San Francisco ;20110217;51;44;10394
San Francisco ;20110218;47;40;8819
San Francisco ;20110219;44;40;10512
San Francisco ;20110220;53;40;0
San Francisco ;20110221;53;43;0
San Francisco ;20110222;56;44;0
San Francisco ;20110223;53;44;0
San Francisco ;20110224;52;45;4882
San Francisco ;20110225;52;40;4213
San Francisco ;20110226;48;37;0
San Francisco ;20110227;54;40;0
San Francisco ;20110228;57;43;0
San Francisco ;20110301;59;43;315
San Francisco ;20110302;57;49;2520
San Francisco ;20110303;59;49;0
San Francisco ;20110304;65;47;0
San Francisco ;20110305;65;49;394
San Francisco ;20110306;59;51;4882
San Francisco ;20110307;54;48;315
San Francisco ;20110308;59;51;118
San Francisco ;20110309;62;50;0
San Francisco ;20110310;59;48;315
San Francisco ;20110311;57;48;0
San Francisco ;20110312;59;48;0
San Francisco ;20110313;63;52;1102
San Francisco ;20110314;60;53;1496
San Francisco ;20110315;60;54;4291
San Francisco ;20110316;57;52;197
San Francisco ;20110317;59;46;118
San Francisco ;20110318;54;48;9685
San Francisco ;20110319;52;46;11181
San Francisco ;20110320;57;48;984
San Francisco ;20110321;56;48;0
San Francisco ;20110322;56;47;1811
San Francisco ;20110323;57;48;5315
San Francisco ;20110324;52;47;12402
San Francisco ;20110325;56;46;3819
San Francisco ;20110326;57;48;7913
San Francisco ;20110327;58;48;1102
San Francisco ;20110328;60;47;0
San Francisco ;20110329;61;48;0
San Francisco ;20110330;82;52;0
San Francisco ;20110331;82;59;0
San Francisco ;20110401;81;54;0
San Francisco ;20110402;65;48;0
San Francisco ;20110403;62;48;0
San Francisco ;20110404;75;50;0
San Francisco ;20110405;61;51;0
San Francisco ;20110406;58;48;0
San Francisco ;20110407;58;45;0
San Francisco ;20110408;56;44;0
San Francisco ;20110409;59;46;0
San Francisco ;20110410;57;47;0
San Francisco ;20110411;60;48;0
San Francisco ;20110412;55;46;0
San Francisco ;20110413;57;47;1299
San Francisco ;20110414;59;47;0
San Francisco ;20110415;63;50;0
San Francisco ;20110416;65;52;0
San Francisco ;20110417;59;52;0
San Francisco ;20110418;62;51;315
San Francisco ;20110419;62;52;0
San Francisco ;20110420;63;53;394
San Francisco ;20110421;59;48;906
San Francisco ;20110422;56;48;0
San Francisco ;20110423;62;50;315
San Francisco ;20110424;58;53;1417
San Francisco ;20110425;60;51;984
San Francisco ;20110426;61;48;0
San Francisco ;20110427;59;49;0
San Francisco ;20110428;59;49;0
San Francisco ;20110429;62;46;0
San Francisco ;20110430;68;52;0
San Francisco ;20110501;75;51;0
San Francisco ;20110502;61;49;0
San Francisco ;20110503;65;49;0
San Francisco ;20110504;82;54;0
San Francisco ;20110505;75;53;0
San Francisco ;20110506;58;50;0
San Francisco ;20110507;57;49;0
San Francisco ;20110508;57;49;0
San Francisco ;20110509;61;47;0
San Francisco ;20110510;58;50;0
San Francisco ;20110511;57;49;0
San Francisco ;20110512;61;49;0
San Francisco ;20110513;58;48;0
San Francisco ;20110514;59;45;2205
San Francisco ;20110515;58;45;591
San Francisco ;20110516;57;50;2205
San Francisco ;20110517;58;50;1890
San Francisco ;20110518;62;51;0
San Francisco ;20110519;64;50;0
San Francisco ;20110520;59;51;0
San Francisco ;20110521;60;51;0
San Francisco ;20110522;60;49;0
San Francisco ;20110523;63;49;0
San Francisco ;20110524;59;48;0
San Francisco ;20110525;60;51;906
San Francisco ;20110526;61;51;0
San Francisco ;20110527;62;52;0
San Francisco ;20110528;63;50;2795
San Francisco ;20110529;63;47;0
San Francisco ;20110530;59;49;0
San Francisco ;20110531;61;53;709
San Francisco ;20110601;61;51;906
San Francisco ;20110602;62;52;0
San Francisco ;20110603;60;51;1299
San Francisco ;20110604;63;54;9882
San Francisco ;20110605;63;54;0
San Francisco ;20110606;58;54;0
San Francisco ;20110607;65;53;0
San Francisco ;20110608;62;54;0
San Francisco ;20110609;64;53;0
San Francisco ;20110610;62;52;0
San Francisco ;20110611;59;51;0
San Francisco ;20110612;61;52;0
San Francisco ;20110613;61;53;0
San Francisco ;20110614;70;52;0
San Francisco ;20110615;71;54;0
San Francisco ;20110616;64;53;0
San Francisco ;20110617;62;52;0
San Francisco ;20110618;62;52;0
San Francisco ;20110619;74;52;0
San Francisco ;20110620;88;57;0
San Francisco ;20110621;79;54;0
San Francisco ;20110622;65;52;0
San Francisco ;20110623;63;53;0
San Francisco ;20110624;65;52;0
San Francisco ;20110625;60;52;0
San Francisco ;20110626;66;53;0
San Francisco ;20110627;60;51;0
San Francisco ;20110628;59;53;8110
San Francisco ;20110629;63;53;0
San Francisco ;20110630;68;54;0
San Francisco ;20110701;75;54;0
San Francisco ;20110702;66;54;0
San Francisco ;20110703;81;56;0
San Francisco ;20110704;67;55;0
San Francisco ;20110705;72;52;0
San Francisco ;20110706;67;52;0
San Francisco ;20110707;66;53;0
San Francisco ;20110708;67;53;0
San Francisco ;20110709;60;52;0
San Francisco ;20110710;63;53;0
San Francisco ;20110711;60;51;197
San Francisco ;20110712;60;52;197
San Francisco ;20110713;60;54;315
San Francisco ;20110714;61;53;0
San Francisco ;20110715;61;54;0
San Francisco ;20110716;66;55;0
San Francisco ;20110717;65;56;118
San Francisco ;20110718;69;56;0
San Francisco ;20110719;67;56;0
San Francisco ;20110720;75;56;0
San Francisco ;20110721;65;55;0
San Francisco ;20110722;67;55;0
San Francisco ;20110723;65;56;0
San Francisco ;20110724;66;55;0
San Francisco ;20110725;64;54;0
San Francisco ;20110726;66;54;0
San Francisco ;20110727;64;54;0
San Francisco ;20110728;64;54;0
San Francisco ;20110729;64;55;0
San Francisco ;20110730;66;57;0
San Francisco ;20110731;64;57;0
San Francisco ;20110801;65;56;0
San Francisco ;20110802;65;55;0
San Francisco ;20110803;65;55;0
San Francisco ;20110804;63;56;315
San Francisco ;20110805;66;55;0
San Francisco ;20110806;64;55;0
San Francisco ;20110807;60;54;0
San Francisco ;20110808;63;53;0
San Francisco ;20110809;68;54;0
San Francisco ;20110810;67;54;0
San Francisco ;20110811;62;54;0
San Francisco ;20110812;66;54;0
San Francisco ;20110813;68;54;0
San Francisco ;20110814;66;55;0
San Francisco ;20110815;66;55;0
San Francisco ;20110816;65;54;0
San Francisco ;20110817;64;54;0
San Francisco ;20110818;65;53;0
San Francisco ;20110819;60;54;0
San Francisco ;20110820;67;54;0
San Francisco ;20110821;63;55;0
San Francisco ;20110822;65;56;0
San Francisco ;20110823;75;54;0
San Francisco ;20110824;65;55;0
San Francisco ;20110825;67;57;0
San Francisco ;20110826;67;54;0
San Francisco ;20110827;67;53;0
San Francisco ;20110828;64;53;0
San Francisco ;20110829;65;55;0
San Francisco ;20110830;65;54;0
San Francisco ;20110831;65;54;0
San Francisco ;20110901;71;54;0
San Francisco ;20110902;69;54;0
San Francisco ;20110903;63;54;0
San Francisco ;20110904;61;54;0
San Francisco ;20110905;61;53;0
San Francisco ;20110906;70;51;0
San Francisco ;20110907;73;51;0
San Francisco ;20110908;61;52;0
San Francisco ;20110909;70;54;0
San Francisco ;20110910;66;54;0
San Francisco ;20110911;70;58;0
San Francisco ;20110912;67;58;0
San Francisco ;20110913;69;56;0
San Francisco ;20110914;59;55;0
San Francisco ;20110915;62;56;0
San Francisco ;20110916;61;55;0
San Francisco ;20110917;66;54;0
San Francisco ;20110918;79;55;0
San Francisco ;20110919;85;56;0
San Francisco ;20110920;86;56;0
San Francisco ;20110921;74;54;0
San Francisco ;20110922;72;54;0
San Francisco ;20110923;72;54;0
San Francisco ;20110924;63;55;0
San Francisco ;20110925;68;55;0
San Francisco ;20110926;72;53;0
San Francisco ;20110927;76;57;0
San Francisco ;20110928;88;62;0
San Francisco ;20110929;76;54;0
San Francisco ;20110930;69;60;0
San Francisco ;20111001;72;60;118
San Francisco ;20111002;69;57;0
San Francisco ;20111003;65;57;1693
San Francisco ;20111004;65;57;2520
San Francisco ;20111005;64;55;3189
San Francisco ;20111006;62;53;4685
San Francisco ;20111007;67;53;0
San Francisco ;20111008;68;53;0
San Francisco ;20111009;71;55;0
San Francisco ;20111010;65;58;1614
San Francisco ;20111011;70;61;0
San Francisco ;20111012;78;58;0
San Francisco ;20111013;82;61;0
San Francisco ;20111014;85;64;0
San Francisco ;20111015;70;58;0
San Francisco ;20111016;68;59;0
San Francisco ;20111017;83;57;0
San Francisco ;20111018;67;56;0
San Francisco ;20111019;62;57;0
San Francisco ;20111020;61;55;0
San Francisco ;20111021;70;53;0
San Francisco ;20111022;81;58;0
San Francisco ;20111023;81;60;0
San Francisco ;20111024;66;54;0
San Francisco ;20111025;64;52;0
San Francisco ;20111026;70;50;0
San Francisco ;20111027;71;51;0
San Francisco ;20111028;73;53;0
San Francisco ;20111029;76;53;0
San Francisco ;20111030;73;55;0
San Francisco ;20111031;71;52;0
San Francisco ;20111101;73;53;0
San Francisco ;20111102;74;56;0
San Francisco ;20111103;59;51;197
San Francisco ;20111104;56;47;906
San Francisco ;20111105;57;48;2992
San Francisco ;20111106;57;49;0
San Francisco ;20111107;59;48;0
San Francisco ;20111108;60;46;0
San Francisco ;20111109;63;49;0
San Francisco ;20111110;65;49;0
San Francisco ;20111111;58;51;3307
San Francisco ;20111112;61;51;394
San Francisco ;20111113;62;52;0
San Francisco ;20111114;60;51;0
San Francisco ;20111115;64;49;0
San Francisco ;20111116;62;49;0
San Francisco ;20111117;59;49;0
San Francisco ;20111118;56;48;1693
San Francisco ;20111119;55;45;1890
San Francisco ;20111120;54;47;3898
San Francisco ;20111121;57;46;0
San Francisco ;20111122;60;49;0
San Francisco ;20111123;59;51;0
San Francisco ;20111124;57;50;2087
San Francisco ;20111125;57;49;0
San Francisco ;20111126;60;49;0
San Francisco ;20111127;59;49;0
San Francisco ;20111128;59;48;0
San Francisco ;20111129;58;48;0
San Francisco ;20111130;65;46;0
San Francisco ;20111201;66;57;0
San Francisco ;20111202;73;57;0
San Francisco ;20111203;63;52;0
San Francisco ;20111204;61;47;0
San Francisco ;20111205;60;46;0
San Francisco ;20111206;58;45;0
San Francisco ;20111207;57;44;0
San Francisco ;20111208;57;44;0
San Francisco ;20111209;60;45;0
San Francisco ;20111210;58;45;0
San Francisco ;20111211;53;46;394
San Francisco ;20111212;53;47;0
San Francisco ;20111213;57;44;0
San Francisco ;20111214;54;44;0
San Francisco ;20111215;53;47;787
San Francisco ;20111216;61;44;0
San Francisco ;20111217;59;46;0
San Francisco ;20111218;52;47;0
San Francisco ;20111219;60;46;0
San Francisco ;20111220;59;45;0
San Francisco ;20111221;59;44;0
San Francisco ;20111222;61;47;0
San Francisco ;20111223;58;43;0
San Francisco ;20111224;57;41;0
San Francisco ;20111225;54;44;0
San Francisco ;20111226;53;44;0
San Francisco ;20111227;57;44;0
San Francisco ;20111228;60;47;0
San Francisco ;20111229;56;49;0
San Francisco ;20111230;56;50;197
San Francisco ;20111231;59;46;0
San Francisco ;20120101;61;48;0
San Francisco ;20120102;58;49;0
San Francisco ;20120103;59;48;0
San Francisco ;20120104;66;48;0
San Francisco ;20120105;63;48;0
San Francisco ;20120106;57;45;0
San Francisco ;20120107;66;45;0
San Francisco ;20120108;65;49;0
San Francisco ;20120109;63;46;0
San Francisco ;20120110;62;46;0
San Francisco ;20120111;64;45;0
San Francisco ;20120112;65;46;0
San Francisco ;20120113;65;47;0
San Francisco ;20120114;62;46;0
San Francisco ;20120115;51;44;0
San Francisco ;20120116;50;41;0
San Francisco ;20120117;50;40;0
San Francisco ;20120118;53;41;0
San Francisco ;20120119;50;44;3110
San Francisco ;20120120;59;49;14094
San Francisco ;20120121;58;48;1299
San Francisco ;20120122;53;45;2087
San Francisco ;20120123;56;48;6181
San Francisco ;20120124;58;47;0
San Francisco ;20120125;62;51;0
San Francisco ;20120126;56;50;0
San Francisco ;20120127;65;48;0
San Francisco ;20120128;64;46;0
San Francisco ;20120129;62;47;0
San Francisco ;20120130;59;50;0
San Francisco ;20120131;57;47;0
San Francisco ;20120201;59;47;315
San Francisco ;20120202;66;47;0
San Francisco ;20120203;60;48;0
San Francisco ;20120204;64;47;0
San Francisco ;20120205;66;48;0
San Francisco ;20120206;62;50;906
San Francisco ;20120207;58;52;1102
San Francisco ;20120208;63;49;0
San Francisco ;20120209;67;50;0
San Francisco ;20120210;62;49;906
San Francisco ;20120211;62;49;118
San Francisco ;20120212;56;47;394
San Francisco ;20120213;53;47;2992
San Francisco ;20120214;58;44;0
San Francisco ;20120215;58;44;984
San Francisco ;20120216;63;49;0
San Francisco ;20120217;61;48;0
San Francisco ;20120218;58;47;0
San Francisco ;20120219;53;44;0
San Francisco ;20120220;57;47;394
San Francisco ;20120221;62;48;0
San Francisco ;20120222;71;51;0
San Francisco ;20120223;69;49;0
San Francisco ;20120224;72;50;0
San Francisco ;20120225;57;48;0
San Francisco ;20120226;55;42;0
San Francisco ;20120227;51;42;0
San Francisco ;20120228;54;44;0
San Francisco ;20120229;54;47;2795
San Francisco ;20120301;54;46;2008
San Francisco ;20120302;63;44;0
San Francisco ;20120303;69;46;0
San Francisco ;20120304;70;48;0
San Francisco ;20120305;54;44;0
San Francisco ;20120306;53;45;197
San Francisco ;20120307;62;46;0
San Francisco ;20120308;62;46;0
San Francisco ;20120309;70;47;0
San Francisco ;20120310;55;46;0
San Francisco ;20120311;57;48;0
San Francisco ;20120312;60;46;0
San Francisco ;20120313;55;52;3819
San Francisco ;20120314;57;54;14685
San Francisco ;20120315;59;55;1496
San Francisco ;20120316;58;49;9488
San Francisco ;20120317;51;45;0
San Francisco ;20120318;51;44;0
San Francisco ;20120319;55;43;0
San Francisco ;20120320;60;49;0
San Francisco ;20120321;65;50;0
San Francisco ;20120322;-1768;-1768;0
San Francisco ;20120323;60;44;0
San Francisco ;20120324;54;43;12283
San Francisco ;20120325;55;44;1890
San Francisco ;20120326;57;45;0
San Francisco ;20120327;58;52;5512
San Francisco ;20120328;63;52;0
San Francisco ;20120329;61;50;0
San Francisco ;20120330;63;54;0
San Francisco ;20120331;60;48;5709
San Francisco ;20120401;55;47;0
San Francisco ;20120402;64;47;0
San Francisco ;20120403;62;49;591
San Francisco ;20120404;54;46;0
San Francisco ;20120405;53;43;0
San Francisco ;20120406;58;43;0
San Francisco ;20120407;65;46;0
San Francisco ;20120408;65;45;0
San Francisco ;20120409;67;48;0
San Francisco ;20120410;56;50;6417
San Francisco ;20120411;59;50;315
San Francisco ;20120412;62;48;12402
San Francisco ;20120413;55;46;4488
San Francisco ;20120414;60;47;0
San Francisco ;20120415;60;49;0
San Francisco ;20120416;59;49;0
San Francisco ;20120417;59;51;0
San Francisco ;20120418;63;50;0
San Francisco ;20120419;65;54;0
San Francisco ;20120420;77;55;0
San Francisco ;20120421;79;55;0
San Francisco ;20120422;60;51;0
San Francisco ;20120423;66;54;0
San Francisco ;20120424;66;58;0
San Francisco ;20120425;67;56;1811
San Francisco ;20120426;59;51;1417
San Francisco ;20120427;63;49;0
San Francisco ;20120428;66;52;0
San Francisco ;20120429;68;51;0
San Francisco ;20120430;66;50;0
San Francisco ;20120501;59;49;0
San Francisco ;20120502;57;47;0
San Francisco ;20120503;64;50;118
San Francisco ;20120504;60;49;118
San Francisco ;20120505;69;49;0
San Francisco ;20120506;77;52;0
San Francisco ;20120507;79;52;0
San Francisco ;20120508;68;50;0
San Francisco ;20120509;64;51;0
San Francisco ;20120510;71;49;0
San Francisco ;20120511;67;49;0
San Francisco ;20120512;63;48;0
San Francisco ;20120513;61;50;0
San Francisco ;20120514;64;53;0
San Francisco ;20120515;57;50;0
San Francisco ;20120516;54;50;0
San Francisco ;20120517;59;50;0
San Francisco ;20120518;66;49;0
San Francisco ;20120519;66;49;0
San Francisco ;20120520;68;51;0
San Francisco ;20120521;59;50;0
San Francisco ;20120522;62;51;0
San Francisco ;20120523;63;52;0
San Francisco ;20120524;63;50;0
San Francisco ;20120525;63;49;0
San Francisco ;20120526;59;49;0
San Francisco ;20120527;58;51;0
San Francisco ;20120528;59;50;0
San Francisco ;20120529;61;50;0
San Francisco ;20120530;66;50;0
San Francisco ;20120531;72;51;0
San Francisco ;20120601;72;53;0
San Francisco ;20120602;60;50;0
San Francisco ;20120603;61;49;0
San Francisco ;20120604;58;51;1299
San Francisco ;20120605;61;50;0
San Francisco ;20120606;63;51;0
San Francisco ;20120607;64;50;0
San Francisco ;20120608;62;50;0
San Francisco ;20120609;70;51;0
San Francisco ;20120610;81;57;0
San Francisco ;20120611;75;55;0
San Francisco ;20120612;71;51;0
San Francisco ;20120613;63;50;0
San Francisco ;20120614;63;50;0
San Francisco ;20120615;70;51;0
San Francisco ;20120616;86;54;0
San Francisco ;20120617;64;53;0
San Francisco ;20120618;59;51;0
San Francisco ;20120619;66;52;0
San Francisco ;20120620;75;53;0
San Francisco ;20120621;59;51;0
San Francisco ;20120622;64;52;0
San Francisco ;20120623;63;52;0
San Francisco ;20120624;64;52;0
San Francisco ;20120625;66;54;0
San Francisco ;20120626;67;54;0
San Francisco ;20120627;67;54;0
San Francisco ;20120628;63;54;0
San Francisco ;20120629;64;54;0
San Francisco ;20120630;67;56;118
San Francisco ;20120701;63;56;0
San Francisco ;20120702;63;54;0
San Francisco ;20120703;67;52;0
San Francisco ;20120704;66;54;0
San Francisco ;20120705;62;52;0
San Francisco ;20120706;65;53;0
San Francisco ;20120707;69;52;0
San Francisco ;20120708;60;52;0
San Francisco ;20120709;61;52;0
San Francisco ;20120710;68;51;0
San Francisco ;20120711;71;51;0
San Francisco ;20120712;66;52;0
San Francisco ;20120713;57;51;0
San Francisco ;20120714;64;52;0
San Francisco ;20120715;63;53;0
San Francisco ;20120716;61;53;0
San Francisco ;20120717;66;55;118
San Francisco ;20120718;65;56;0
San Francisco ;20120719;66;54;0
San Francisco ;20120720;67;56;0
San Francisco ;20120721;74;54;0
San Francisco ;20120722;70;54;0
San Francisco ;20120723;69;55;0
San Francisco ;20120724;67;56;0
San Francisco ;20120725;64;55;0
San Francisco ;20120726;63;54;0
San Francisco ;20120727;63;53;0
San Francisco ;20120728;65;53;0
San Francisco ;20120729;65;53;0
San Francisco ;20120730;71;54;0
San Francisco ;20120731;67;55;0
San Francisco ;20120801;67;54;0
San Francisco ;20120802;66;53;0
San Francisco ;20120803;63;53;0
San Francisco ;20120804;61;52;0
San Francisco ;20120805;64;56;118
San Francisco ;20120806;67;56;0
San Francisco ;20120807;65;55;0
San Francisco ;20120808;70;54;0
San Francisco ;20120809;68;53;0
San Francisco ;20120810;64;53;0
San Francisco ;20120811;66;52;0
San Francisco ;20120812;62;52;0
San Francisco ;20120813;66;52;0
San Francisco ;20120814;63;53;0
San Francisco ;20120815;63;56;0
San Francisco ;20120816;63;54;0
San Francisco ;20120817;62;53;0
San Francisco ;20120818;63;54;0
San Francisco ;20120819;59;52;0
San Francisco ;20120820;61;52;0
San Francisco ;20120821;61;52;0
San Francisco ;20120822;61;52;0
San Francisco ;20120823;63;53;0
San Francisco ;20120824;68;53;0
San Francisco ;20120825;59;52;0
San Francisco ;20120826;64;55;0
San Francisco ;20120827;70;56;0
San Francisco ;20120828;70;56;0
San Francisco ;20120829;77;54;0
San Francisco ;20120830;62;54;0
San Francisco ;20120831;60;55;0
San Francisco ;20120901;63;53;0
San Francisco ;20120902;66;52;0
San Francisco ;20120903;66;51;0
San Francisco ;20120904;62;51;0
San Francisco ;20120905;62;53;0
San Francisco ;20120906;63;54;0
San Francisco ;20120907;64;53;0
San Francisco ;20120908;62;54;0
San Francisco ;20120909;65;54;0
San Francisco ;20120910;67;54;0
San Francisco ;20120911;66;54;0
San Francisco ;20120912;63;54;0
San Francisco ;20120913;61;52;0
San Francisco ;20120914;62;53;0
San Francisco ;20120915;60;51;0
San Francisco ;20120916;60;51;0
San Francisco ;20120917;62;53;0
San Francisco ;20120918;62;52;0
San Francisco ;20120919;63;54;0
San Francisco ;20120920;63;52;0
San Francisco ;20120921;66;52;0
San Francisco ;20120922;70;52;0
San Francisco ;20120923;65;49;0
San Francisco ;20120924;64;53;0
San Francisco ;20120925;62;51;0
San Francisco ;20120926;62;51;0
San Francisco ;20120927;66;51;0
San Francisco ;20120928;58;50;0
San Francisco ;20120929;62;52;0
San Francisco ;20120930;84;50;0
San Francisco ;20121001;90;57;0
San Francisco ;20121002;94;64;0
San Francisco ;20121003;72;58;0
San Francisco ;20121004;66;58;0
San Francisco ;20121005;67;57;0
San Francisco ;20121006;68;55;0
San Francisco ;20121007;62;54;0
San Francisco ;20121008;65;54;0
San Francisco ;20121009;67;57;0
San Francisco ;20121010;65;55;0
San Francisco ;20121011;57;54;118
San Francisco ;20121012;61;53;0
San Francisco ;20121013;70;54;0
San Francisco ;20121014;66;55;0
San Francisco ;20121015;74;55;0
San Francisco ;20121016;70;60;0
San Francisco ;20121017;82;57;0
San Francisco ;20121018;85;61;0
San Francisco ;20121019;67;56;0
San Francisco ;20121020;65;54;0
San Francisco ;20121021;60;51;315
San Francisco ;20121022;61;51;8110
San Francisco ;20121023;63;51;1890
San Francisco ;20121024;63;53;2008
San Francisco ;20121025;65;54;591
San Francisco ;20121026;71;52;0
San Francisco ;20121027;76;56;0
San Francisco ;20121028;77;55;0
San Francisco ;20121029;66;54;0
San Francisco ;20121030;66;53;0
San Francisco ;20121031;63;56;1693
San Francisco ;20121101;63;55;1811
San Francisco ;20121102;64;51;0
San Francisco ;20121103;71;54;0
San Francisco ;20121104;77;57;0
San Francisco ;20121105;78;59;0
San Francisco ;20121106;77;56;0
San Francisco ;20121107;61;54;0
San Francisco ;20121108;61;49;1811
San Francisco ;20121109;55;45;512
San Francisco ;20121110;57;48;0
San Francisco ;20121111;58;46;0
San Francisco ;20121112;60;47;0
San Francisco ;20121113;66;51;0
San Francisco ;20121114;68;53;0
San Francisco ;20121115;66;53;0
San Francisco ;20121116;62;55;4488
San Francisco ;20121117;61;54;7402
San Francisco ;20121118;62;51;0
San Francisco ;20121119;65;54;0
San Francisco ;20121120;63;56;5709
San Francisco ;20121121;62;52;4882
San Francisco ;20121122;63;49;0
San Francisco ;20121123;67;50;0
San Francisco ;20121124;65;52;0
San Francisco ;20121125;62;52;0
San Francisco ;20121126;58;51;0
San Francisco ;20121127;61;52;0
San Francisco ;20121128;62;56;3819
San Francisco ;20121129;63;57;709
San Francisco ;20121130;62;58;13898
San Francisco ;20121201;63;57;8701
San Francisco ;20121202;63;52;10591
San Francisco ;20121203;60;49;0
San Francisco ;20121204;61;54;591
San Francisco ;20121205;62;57;9803
San Francisco ;20121206;59;52;0
San Francisco ;20121207;62;48;0
San Francisco ;20121208;59;48;0
San Francisco ;20121209;66;48;0
San Francisco ;20121210;65;52;0
San Francisco ;20121211;56;49;118
San Francisco ;20121212;54;47;787
San Francisco ;20121213;52;44;0
San Francisco ;20121214;52;45;0
San Francisco ;20121215;49;45;1614
San Francisco ;20121216;56;48;394
San Francisco ;20121217;57;48;1811
San Francisco ;20121218;52;44;0
San Francisco ;20121219;52;40;0
San Francisco ;20121220;58;43;0
San Francisco ;20121221;56;51;2283
San Francisco ;20121222;57;50;8189
San Francisco ;20121223;56;50;10000
San Francisco ;20121224;55;47;0
San Francisco ;20121225;52;46;11496
San Francisco ;20121226;54;47;2283
San Francisco ;20121227;54;47;0
San Francisco ;20121228;50;44;1299
San Francisco ;20121229;53;43;1102
San Francisco ;20121230;53;43;0
San Francisco ;20121231;52;42;0
San Francisco ;20130101;53;43;0
San Francisco ;20130102;56;42;0
San Francisco ;20130103;54;41;0
San Francisco ;20130104;57;45;0
San Francisco ;20130105;53;45;2520
San Francisco ;20130106;52;46;906
San Francisco ;20130107;57;44;0
San Francisco ;20130108;58;46;0
San Francisco ;20130109;54;46;118
San Francisco ;20130110;51;43;0
San Francisco ;20130111;51;42;0
San Francisco ;20130112;50;40;0
San Francisco ;20130113;50;39;0
San Francisco ;20130114;51;40;0
San Francisco ;20130115;53;40;0
San Francisco ;20130116;57;41;0
San Francisco ;20130117;63;43;0
San Francisco ;20130118;64;46;0
San Francisco ;20130119;63;44;0
San Francisco ;20130120;64;45;0
San Francisco ;20130121;63;45;0
San Francisco ;20130122;61;47;0
San Francisco ;20130123;56;50;1299
San Francisco ;20130124;59;50;0
San Francisco ;20130125;64;53;118
San Francisco ;20130126;56;48;0
San Francisco ;20130127;55;45;0
San Francisco ;20130128;56;46;0
San Francisco ;20130129;56;46;0
San Francisco ;20130130;64;47;0
San Francisco ;20130131;63;48;0
San Francisco ;20130201;65;48;0
San Francisco ;20130202;56;48;0
San Francisco ;20130203;57;47;0
San Francisco ;20130204;56;47;0
San Francisco ;20130205;54;47;0
San Francisco ;20130206;56;44;0
San Francisco ;20130207;54;44;2520
San Francisco ;20130208;52;42;1181
San Francisco ;20130209;58;44;0
San Francisco ;20130210;60;43;0
San Francisco ;20130211;63;46;0
San Francisco ;20130212;60;45;0
San Francisco ;20130213;59;44;0
San Francisco ;20130214;69;46;0
San Francisco ;20130215;71;51;0
San Francisco ;20130216;68;49;0
San Francisco ;20130217;58;47;0
San Francisco ;20130218;51;47;0
San Francisco ;20130219;49;42;4488
San Francisco ;20130220;56;41;0
San Francisco ;20130221;57;45;0
San Francisco ;20130222;59;44;0
San Francisco ;20130223;56;47;315
San Francisco ;20130224;60;48;0
San Francisco ;20130225;58;45;0
San Francisco ;20130226;62;46;0
San Francisco ;20130227;64;46;0
San Francisco ;20130228;63;49;0
San Francisco ;20130301;71;48;0
San Francisco ;20130302;69;51;0
San Francisco ;20130303;56;48;0
San Francisco ;20130304;54;46;0
San Francisco ;20130305;56;46;787
San Francisco ;20130306;55;47;1102
San Francisco ;20130307;56;46;512
San Francisco ;20130308;55;47;0
San Francisco ;20130309;60;45;0
San Francisco ;20130310;64;46;0
San Francisco ;20130311;69;46;0
San Francisco ;20130312;65;47;0
San Francisco ;20130313;73;46;0
San Francisco ;20130314;69;48;0
San Francisco ;20130315;67;48;0
San Francisco ;20130316;62;48;0
San Francisco ;20130317;63;49;0
San Francisco ;20130318;62;47;0
San Francisco ;20130319;64;49;709
San Francisco ;20130320;60;49;787
San Francisco ;20130321;59;45;0
San Francisco ;20130322;61;47;0
San Francisco ;20130323;66;48;0
San Francisco ;20130324;60;47;0
San Francisco ;20130325;53;47;0
San Francisco ;20130326;58;48;0
San Francisco ;20130327;60;50;0
San Francisco ;20130328;62;53;0
San Francisco ;20130329;73;51;0
San Francisco ;20130330;67;51;906
San Francisco ;20130331;63;54;4882
San Francisco ;20130401;61;53;4606
San Francisco ;20130402;58;49;0
San Francisco ;20130403;74;49;0
San Francisco ;20130404;64;50;4488
San Francisco ;20130405;61;52;0
San Francisco ;20130406;61;52;197
San Francisco ;20130407;60;50;709
San Francisco ;20130408;61;49;0
San Francisco ;20130409;71;55;0
San Francisco ;20130410;74;52;0
San Francisco ;20130411;67;49;0
San Francisco ;20130412;62;48;0
San Francisco ;20130413;61;48;0
San Francisco ;20130414;59;47;0
San Francisco ;20130415;54;45;118
San Francisco ;20130416;60;45;0
San Francisco ;20130417;65;52;0
San Francisco ;20130418;70;50;0
San Francisco ;20130419;69;49;0
San Francisco ;20130420;71;51;0
San Francisco ;20130421;76;50;0
San Francisco ;20130422;82;51;0
San Francisco ;20130423;73;49;0
San Francisco ;20130424;58;48;0
San Francisco ;20130425;59;52;0
San Francisco ;20130426;57;49;0
San Francisco ;20130427;59;48;0
San Francisco ;20130428;68;50;0
San Francisco ;20130429;77;53;0
San Francisco ;20130430;69;52;0
San Francisco ;20130501;72;58;0
San Francisco ;20130502;75;56;0
San Francisco ;20130503;-1768;58;0
San Francisco ;20130504;79;54;0
San Francisco ;20130505;73;55;0
San Francisco ;20130506;66;58;0
San Francisco ;20130507;68;57;0
San Francisco ;20130508;67;52;0
San Francisco ;20130509;58;51;0
San Francisco ;20130510;58;50;0
San Francisco ;20130511;57;51;0
San Francisco ;20130512;67;51;0
San Francisco ;20130513;62;52;0
San Francisco ;20130514;63;52;0
San Francisco ;20130515;62;50;0
San Francisco ;20130516;59;52;0
San Francisco ;20130517;61;51;0
San Francisco ;20130518;61;50;0
San Francisco ;20130519;66;53;0
San Francisco ;20130520;71;53;0
San Francisco ;20130521;79;51;0
San Francisco ;20130522;61;50;0
San Francisco ;20130523;59;48;0
San Francisco ;20130524;62;49;0
San Francisco ;20130525;61;49;0
San Francisco ;20130526;59;51;0
San Francisco ;20130527;61;52;0
San Francisco ;20130528;59;54;315
San Francisco ;20130529;63;54;118
San Francisco ;20130530;64;50;0
San Francisco ;20130531;66;52;0
San Francisco ;20130601;73;54;0
San Francisco ;20130602;-1768;52;0
San Francisco ;20130603;66;52;0
San Francisco ;20130604;65;53;0
San Francisco ;20130605;63;53;0
San Francisco ;20130606;60;51;0
San Francisco ;20130607;62;52;0
San Francisco ;20130608;69;57;0
San Francisco ;20130609;62;56;0
San Francisco ;20130610;62;56;0
San Francisco ;20130611;67;55;0
San Francisco ;20130612;65;53;0
San Francisco ;20130613;66;51;0
San Francisco ;20130614;68;54;0
San Francisco ;20130615;74;51;0
San Francisco ;20130616;58;52;0
San Francisco ;20130617;63;52;0
